Workbook

Sheet טבלת אב
A1: מקור | B1: נסיין | C1: מגדר | D1: סדר | E1: זמן A (לבד) | F1: זמן B (כלב) | G1: זמן B2 (כלב#2) | H1: זמן C (רצועה) | I1: האטה B−A | J1: האטה C−A | K1: התרגלות B1−B2 | L1: טבעי A | M1: בטוח A | N1: קצב A | O1: שינוי A | P1: טבעי B | Q1: בטוח B | R1: קצב B | S1: שינוי B | T1: נוח B | U1: טבעי C | V1: בטוח C | W1: קצב C | X1: שינוי C | Y1: נוח C | Z1: חשש | AA1: שותף | AB1: ביטחון-ללא | AC1: ביטחון-עם | AD1: שליטה-ללא | AE1: שליטה-עם | AF1: הנאה | AG1: מוטיבציה | AH1: Δטבעי B−A | AI1: Δבטוח B−A | AJ1: Δקצב B−A | AK1: Δשינוי B−A | AL1: Δביטחון רצועה | AM1: Δשליטה רצועה | AN1: הפרש C−B | AO1: % האטה B | AP1: % האטה C | AQ1: % האטה B2
A2: ABB | B2: 183 | C2: אישה | D2: A, B, B | E2: 16.12 | F2: 17.1 | G2: 17.29 | I2: =IF(COUNT(E2,F2)=2,F2-E2,"") -> 0.98 | J2: =IF(COUNT(E2,H2)=2,H2-E2,"") | K2: =IF(COUNT(F2,G2)=2,F2-G2,"") -> -0.19 | L2: 9 | M2: 9 | N2: 9 | O2: 1 | P2: 9 | Q2: 9 | R2: 9 | S2: 4 | T2: 7 | Z2: לא | AA2: בהליכה עם רצועה | AB2: 9 | AC2: 9 | AD2: 9 | AE2: 9 | AF2: 9 | AG2: 9 | AH2: =IF(COUNT(L2,P2)=2,P2-L2,"") -> 0 | AI2: =IF(COUNT(M2,Q2)=2,Q2-M2,"") -> 0 | AJ2: =IF(COUNT(N2,R2)=2,R2-N2,"") -> 0 | AK2: =IF(COUNT(O2,S2)=2,S2-O2,"") -> 3 | AL2: =IF(COUNT(AB2,AC2)=2,AC2-AB2,"") -> 0 | AM2: =IF(COUNT(AD2,AE2)=2,AE2-AD2,"") -> 0 | AN2: =IF(COUNT(F2,H2)=2,H2-F2,"") | AO2: =IF(COUNT(E2,F2)=2,(F2-E2)/E2,"") -> 0.060794045 | AP2: =IF(COUNT(E2,H2)=2,(H2-E2)/E2,"") | AQ2: =IF(COUNT(E2,G2)=2,(G2-E2)/E2,"") -> 0.072580645
A3: ABB | B3: 184 | C3: גבר | D3: B, A, B | E3: 16.06 | F3: 26.1 | I3: =IF(COUNT(E3,F3)=2,F3-E3,"") -> 10.04 | J3: =IF(COUNT(E3,H3)=2,H3-E3,"") | K3: =IF(COUNT(F3,G3)=2,F3-G3,"") | L3: 9 | M3: 9 | N3: 9 | O3: 1 | P3: 4 | Q3: 4 | R3: 5 | S3: 7 | T3: 4 | AH3: =IF(COUNT(L3,P3)=2,P3-L3,"") -> -5 | AI3: =IF(COUNT(M3,Q3)=2,Q3-M3,"") -> -5 | AJ3: =IF(COUNT(N3,R3)=2,R3-N3,"") -> -4 | AK3: =IF(COUNT(O3,S3)=2,S3-O3,"") -> 6 | AL3: =IF(COUNT(AB3,AC3)=2,AC3-AB3,"") | AM3: =IF(COUNT(AD3,AE3)=2,AE3-AD3,"") | AN3: =IF(COUNT(F3,H3)=2,H3-F3,"") | AO3: =IF(COUNT(E3,F3)=2,(F3-E3)/E3,"") -> 0.62515567 | AP3: =IF(COUNT(E3,H3)=2,(H3-E3)/E3,"") | AQ3: =IF(COUNT(E3,G3)=2,(G3-E3)/E3,"")
A4: ABB | B4: 185 | C4: גבר | D4: B, B, A | E4: 11.19 | F4: 14.22 | G4: 12.16 | I4: =IF(COUNT(E4,F4)=2,F4-E4,"") -> 3.03 | J4: =IF(COUNT(E4,H4)=2,H4-E4,"") | K4: =IF(COUNT(F4,G4)=2,F4-G4,"") -> 2.06 | L4: 7 | M4: 7 | N4: 7 | O4: 2 | P4: 6 | Q4: 5.5 | R4: 5.5 | S4: 5.5 | T4: 5.5 | Z4: לא | AA4: אף פעם לא הרגשתי שהוא שותף להליכה | AB4: 6 | AC4: 1 | AD4: 6 | AE4: 1 | AF4: 6 | AG4: 1 | AH4: =IF(COUNT(L4,P4)=2,P4-L4,"") -> -1 | AI4: =IF(COUNT(M4,Q4)=2,Q4-M4,"") -> -1.5 | AJ4: =IF(COUNT(N4,R4)=2,R4-N4,"") -> -1.5 | AK4: =IF(COUNT(O4,S4)=2,S4-O4,"") -> 3.5 | AL4: =IF(COUNT(AB4,AC4)=2,AC4-AB4,"") -> -5 | AM4: =IF(COUNT(AD4,AE4)=2,AE4-AD4,"") -> -5 | AN4: =IF(COUNT(F4,H4)=2,H4-F4,"") | AO4: =IF(COUNT(E4,F4)=2,(F4-E4)/E4,"") -> 0.27077748 | AP4: =IF(COUNT(E4,H4)=2,(H4-E4)/E4,"") | AQ4: =IF(COUNT(E4,G4)=2,(G4-E4)/E4,"") -> 0.08668454
A5: ABB | B5: 186 | C5: גבר | D5: A, B, B | E5: 14.56 | F5: 15.16 | G5: 13.84 | I5: =IF(COUNT(E5,F5)=2,F5-E5,"") -> 0.6 | J5: =IF(COUNT(E5,H5)=2,H5-E5,"") | K5: =IF(COUNT(F5,G5)=2,F5-G5,"") -> 1.32 | L5: 9 | M5: 9 | N5: 9 | O5: 1 | P5: 7.5 | Q5: 7.5 | R5: 8.5 | S5: 5 | T5: 7 | AH5: =IF(COUNT(L5,P5)=2,P5-L5,"") -> -1.5 | AI5: =IF(COUNT(M5,Q5)=2,Q5-M5,"") -> -1.5 | AJ5: =IF(COUNT(N5,R5)=2,R5-N5,"") -> -0.5 | AK5: =IF(COUNT(O5,S5)=2,S5-O5,"") -> 4 | AL5: =IF(COUNT(AB5,AC5)=2,AC5-AB5,"") | AM5: =IF(COUNT(AD5,AE5)=2,AE5-AD5,"") | AN5: =IF(COUNT(F5,H5)=2,H5-F5,"") | AO5: =IF(COUNT(E5,F5)=2,(F5-E5)/E5,"") -> 0.041208791 | AP5: =IF(COUNT(E5,H5)=2,(H5-E5)/E5,"") | AQ5: =IF(COUNT(E5,G5)=2,(G5-E5)/E5,"") -> -0.049450549
A6: ABB | B6: 187 | C6: גבר | D6: B, A, B | E6: 16.41 | F6: 18.72 | G6: 16.78 | I6: =IF(COUNT(E6,F6)=2,F6-E6,"") -> 2.31 | J6: =IF(COUNT(E6,H6)=2,H6-E6,"") | K6: =IF(COUNT(F6,G6)=2,F6-G6,"") -> 1.94 | L6: 9 | M6: 9 | N6: 9 | O6: 2 | P6: 8 | Q6: 9 | R6: 8 | S6: 1.5 | T6: 8.5 | AH6: =IF(COUNT(L6,P6)=2,P6-L6,"") -> -1 | AI6: =IF(COUNT(M6,Q6)=2,Q6-M6,"") -> 0 | AJ6: =IF(COUNT(N6,R6)=2,R6-N6,"") -> -1 | AK6: =IF(COUNT(O6,S6)=2,S6-O6,"") -> -0.5 | AL6: =IF(COUNT(AB6,AC6)=2,AC6-AB6,"") | AM6: =IF(COUNT(AD6,AE6)=2,AE6-AD6,"") | AN6: =IF(COUNT(F6,H6)=2,H6-F6,"") | AO6: =IF(COUNT(E6,F6)=2,(F6-E6)/E6,"") -> 0.14076782 | AP6: =IF(COUNT(E6,H6)=2,(H6-E6)/E6,"") | AQ6: =IF(COUNT(E6,G6)=2,(G6-E6)/E6,"") -> 0.022547227
A7: ABB | B7: 188 | C7: גבר | D7: B, A, B | E7: 16.97 | F7: 20.25 | G7: 16.25 | I7: =IF(COUNT(E7,F7)=2,F7-E7,"") -> 3.28 | J7: =IF(COUNT(E7,H7)=2,H7-E7,"") | K7: =IF(COUNT(F7,G7)=2,F7-G7,"") -> 4 | L7: 9 | M7: 9 | N7: 9 | O7: 1 | P7: 8 | Q7: 7.5 | R7: 9 | S7: 3 | T7: 8.5 | AH7: =IF(COUNT(L7,P7)=2,P7-L7,"") -> -1 | AI7: =IF(COUNT(M7,Q7)=2,Q7-M7,"") -> -1.5 | AJ7: =IF(COUNT(N7,R7)=2,R7-N7,"") -> 0 | AK7: =IF(COUNT(O7,S7)=2,S7-O7,"") -> 2 | AL7: =IF(COUNT(AB7,AC7)=2,AC7-AB7,"") | AM7: =IF(COUNT(AD7,AE7)=2,AE7-AD7,"") | AN7: =IF(COUNT(F7,H7)=2,H7-F7,"") | AO7: =IF(COUNT(E7,F7)=2,(F7-E7)/E7,"") -> 0.19328226 | AP7: =IF(COUNT(E7,H7)=2,(H7-E7)/E7,"") | AQ7: =IF(COUNT(E7,G7)=2,(G7-E7)/E7,"") -> -0.042427814
A8: ABB | B8: 189 | C8: גבר | D8: B, B, A | E8: 16.6 | F8: 17.22 | G8: 17.35 | I8: =IF(COUNT(E8,F8)=2,F8-E8,"") -> 0.62 | J8: =IF(COUNT(E8,H8)=2,H8-E8,"") | K8: =IF(COUNT(F8,G8)=2,F8-G8,"") -> -0.13 | L8: 5 | M8: 8 | N8: 5 | O8: 7 | P8: 6.5 | Q8: 8.5 | R8: 3.5 | S8: 8 | T8: 8 | AH8: =IF(COUNT(L8,P8)=2,P8-L8,"") -> 1.5 | AI8: =IF(COUNT(M8,Q8)=2,Q8-M8,"") -> 0.5 | AJ8: =IF(COUNT(N8,R8)=2,R8-N8,"") -> -1.5 | AK8: =IF(COUNT(O8,S8)=2,S8-O8,"") -> 1 | AL8: =IF(COUNT(AB8,AC8)=2,AC8-AB8,"") | AM8: =IF(COUNT(AD8,AE8)=2,AE8-AD8,"") | AN8: =IF(COUNT(F8,H8)=2,H8-F8,"") | AO8: =IF(COUNT(E8,F8)=2,(F8-E8)/E8,"") -> 0.037349398 | AP8: =IF(COUNT(E8,H8)=2,(H8-E8)/E8,"") | AQ8: =IF(COUNT(E8,G8)=2,(G8-E8)/E8,"") -> 0.045180723
A9: ABB | B9: 190 | C9: גבר | D9: B, B, A | E9: 16.07 | F9: 18.5 | G9: 17.25 | I9: =IF(COUNT(E9,F9)=2,F9-E9,"") -> 2.43 | J9: =IF(COUNT(E9,H9)=2,H9-E9,"") | K9: =IF(COUNT(F9,G9)=2,F9-G9,"") -> 1.25 | L9: 8 | M9: 9 | N9: 7 | O9: 1 | P9: 8 | Q9: 7 | R9: 8.5 | S9: 1 | T9: 6.5 | AH9: =IF(COUNT(L9,P9)=2,P9-L9,"") -> 0 | AI9: =IF(COUNT(M9,Q9)=2,Q9-M9,"") -> -2 | AJ9: =IF(COUNT(N9,R9)=2,R9-N9,"") -> 1.5 | AK9: =IF(COUNT(O9,S9)=2,S9-O9,"") -> 0 | AL9: =IF(COUNT(AB9,AC9)=2,AC9-AB9,"") | AM9: =IF(COUNT(AD9,AE9)=2,AE9-AD9,"") | AN9: =IF(COUNT(F9,H9)=2,H9-F9,"") | AO9: =IF(COUNT(E9,F9)=2,(F9-E9)/E9,"") -> 0.15121344 | AP9: =IF(COUNT(E9,H9)=2,(H9-E9)/E9,"") | AQ9: =IF(COUNT(E9,G9)=2,(G9-E9)/E9,"") -> 0.073428749
A10: ABB | B10: 191 | C10: אישה | D10: A, B, B | E10: 14.5 | F10: 15.6 | G10: 14.96 | I10: =IF(COUNT(E10,F10)=2,F10-E10,"") -> 1.1 | J10: =IF(COUNT(E10,H10)=2,H10-E10,"") | K10: =IF(COUNT(F10,G10)=2,F10-G10,"") -> 0.64 | L10: 9 | M10: 9 | N10: 9 | O10: 1 | P10: 9 | Q10: 9 | R10: 9 | S10: 1 | T10: 9 | AH10: =IF(COUNT(L10,P10)=2,P10-L10,"") -> 0 | AI10: =IF(COUNT(M10,Q10)=2,Q10-M10,"") -> 0 | AJ10: =IF(COUNT(N10,R10)=2,R10-N10,"") -> 0 | AK10: =IF(COUNT(O10,S10)=2,S10-O10,"") -> 0 | AL10: =IF(COUNT(AB10,AC10)=2,AC10-AB10,"") | AM10: =IF(COUNT(AD10,AE10)=2,AE10-AD10,"") | AN10: =IF(COUNT(F10,H10)=2,H10-F10,"") | AO10: =IF(COUNT(E10,F10)=2,(F10-E10)/E10,"") -> 0.075862069 | AP10: =IF(COUNT(E10,H10)=2,(H10-E10)/E10,"") | AQ10: =IF(COUNT(E10,G10)=2,(G10-E10)/E10,"") -> 0.031724138
A11: ABB | B11: 192 | C11: אישה | D11: B, A, B | E11: 14.06 | F11: 15.09 | G11: 14.06 | I11: =IF(COUNT(E11,F11)=2,F11-E11,"") -> 1.03 | J11: =IF(COUNT(E11,H11)=2,H11-E11,"") | K11: =IF(COUNT(F11,G11)=2,F11-G11,"") -> 1.03 | L11: 9 | M11: 9 | N11: 9 | O11: 1 | P11: 9 | Q11: 6.5 | R11: 8.5 | S11: 6.5 | T11: 6.5 | AH11: =IF(COUNT(L11,P11)=2,P11-L11,"") -> 0 | AI11: =IF(COUNT(M11,Q11)=2,Q11-M11,"") -> -2.5 | AJ11: =IF(COUNT(N11,R11)=2,R11-N11,"") -> -0.5 | AK11: =IF(COUNT(O11,S11)=2,S11-O11,"") -> 5.5 | AL11: =IF(COUNT(AB11,AC11)=2,AC11-AB11,"") | AM11: =IF(COUNT(AD11,AE11)=2,AE11-AD11,"") | AN11: =IF(COUNT(F11,H11)=2,H11-F11,"") | AO11: =IF(COUNT(E11,F11)=2,(F11-E11)/E11,"") -> 0.073257468 | AP11: =IF(COUNT(E11,H11)=2,(H11-E11)/E11,"") | AQ11: =IF(COUNT(E11,G11)=2,(G11-E11)/E11,"") -> 0
A12: ABB | B12: 193 | C12: גבר | D12: A, B, B | E12: 15.63 | F12: 15.53 | G12: 14.63 | I12: =IF(COUNT(E12,F12)=2,F12-E12,"") -> -0.1 | J12: =IF(COUNT(E12,H12)=2,H12-E12,"") | K12: =IF(COUNT(F12,G12)=2,F12-G12,"") -> 0.9 | L12: 9 | M12: 9 | N12: 9 | O12: 1 | P12: 9 | Q12: 8.5 | R12: 8.5 | S12: 1.5 | T12: 8.5 | AH12: =IF(COUNT(L12,P12)=2,P12-L12,"") -> 0 | AI12: =IF(COUNT(M12,Q12)=2,Q12-M12,"") -> -0.5 | AJ12: =IF(COUNT(N12,R12)=2,R12-N12,"") -> -0.5 | AK12: =IF(COUNT(O12,S12)=2,S12-O12,"") -> 0.5 | AL12: =IF(COUNT(AB12,AC12)=2,AC12-AB12,"") | AM12: =IF(COUNT(AD12,AE12)=2,AE12-AD12,"") | AN12: =IF(COUNT(F12,H12)=2,H12-F12,"") | AO12: =IF(COUNT(E12,F12)=2,(F12-E12)/E12,"") -> -0.0063979527 | AP12: =IF(COUNT(E12,H12)=2,(H12-E12)/E12,"") | AQ12: =IF(COUNT(E12,G12)=2,(G12-E12)/E12,"") -> -0.063979527
A13: ABB | B13: 194 | C13: אישה | D13: B, B, A | E13: 13.37 | F13: 17.1 | G13: 16.66 | I13: =IF(COUNT(E13,F13)=2,F13-E13,"") -> 3.73 | J13: =IF(COUNT(E13,H13)=2,H13-E13,"") | K13: =IF(COUNT(F13,G13)=2,F13-G13,"") -> 0.44 | L13: 9 | M13: 9 | N13: 9 | O13: 1 | P13: 6 | Q13: 8.5 | R13: 8 | S13: 7.5 | T13: 8.5 | AH13: =IF(COUNT(L13,P13)=2,P13-L13,"") -> -3 | AI13: =IF(COUNT(M13,Q13)=2,Q13-M13,"") -> -0.5 | AJ13: =IF(COUNT(N13,R13)=2,R13-N13,"") -> -1 | AK13: =IF(COUNT(O13,S13)=2,S13-O13,"") -> 6.5 | AL13: =IF(COUNT(AB13,AC13)=2,AC13-AB13,"") | AM13: =IF(COUNT(AD13,AE13)=2,AE13-AD13,"") | AN13: =IF(COUNT(F13,H13)=2,H13-F13,"") | AO13: =IF(COUNT(E13,F13)=2,(F13-E13)/E13,"") -> 0.2789828 | AP13: =IF(COUNT(E13,H13)=2,(H13-E13)/E13,"") | AQ13: =IF(COUNT(E13,G13)=2,(G13-E13)/E13,"") -> 0.2460733
A14: ABB | B14: 195 | C14: גבר | D14: B, A, B | E14: 14.91 | F14: 18.37 | G14: 15.57 | I14: =IF(COUNT(E14,F14)=2,F14-E14,"") -> 3.46 | J14: =IF(COUNT(E14,H14)=2,H14-E14,"") | K14: =IF(COUNT(F14,G14)=2,F14-G14,"") -> 2.8 | L14: 9 | M14: 9 | N14: 9 | O14: 1 | P14: 7.5 | Q14: 9 | R14: 8 | S14: 2 | T14: 9 | AH14: =IF(COUNT(L14,P14)=2,P14-L14,"") -> -1.5 | AI14: =IF(COUNT(M14,Q14)=2,Q14-M14,"") -> 0 | AJ14: =IF(COUNT(N14,R14)=2,R14-N14,"") -> -1 | AK14: =IF(COUNT(O14,S14)=2,S14-O14,"") -> 1 | AL14: =IF(COUNT(AB14,AC14)=2,AC14-AB14,"") | AM14: =IF(COUNT(AD14,AE14)=2,AE14-AD14,"") | AN14: =IF(COUNT(F14,H14)=2,H14-F14,"") | AO14: =IF(COUNT(E14,F14)=2,(F14-E14)/E14,"") -> 0.23205902 | AP14: =IF(COUNT(E14,H14)=2,(H14-E14)/E14,"") | AQ14: =IF(COUNT(E14,G14)=2,(G14-E14)/E14,"") -> 0.044265594
A15: ABB | B15: 196 | C15: גבר | D15: A, B, B | E15: 15.84 | F15: 18.43 | G15: 18.4 | I15: =IF(COUNT(E15,F15)=2,F15-E15,"") -> 2.59 | J15: =IF(COUNT(E15,H15)=2,H15-E15,"") | K15: =IF(COUNT(F15,G15)=2,F15-G15,"") -> 0.03 | L15: 9 | M15: 9 | N15: 9 | O15: 9 | P15: 7 | Q15: 8.5 | R15: 7 | S15: 6 | T15: 8.5 | AH15: =IF(COUNT(L15,P15)=2,P15-L15,"") -> -2 | AI15: =IF(COUNT(M15,Q15)=2,Q15-M15,"") -> -0.5 | AJ15: =IF(COUNT(N15,R15)=2,R15-N15,"") -> -2 | AK15: =IF(COUNT(O15,S15)=2,S15-O15,"") -> -3 | AL15: =IF(COUNT(AB15,AC15)=2,AC15-AB15,"") | AM15: =IF(COUNT(AD15,AE15)=2,AE15-AD15,"") | AN15: =IF(COUNT(F15,H15)=2,H15-F15,"") | AO15: =IF(COUNT(E15,F15)=2,(F15-E15)/E15,"") -> 0.1635101 | AP15: =IF(COUNT(E15,H15)=2,(H15-E15)/E15,"") | AQ15: =IF(COUNT(E15,G15)=2,(G15-E15)/E15,"") -> 0.16161616
A16: ABB | B16: 197 | C16: גבר | D16: B, B, A | E16: 13.46 | F16: 15.22 | G16: 15 | I16: =IF(COUNT(E16,F16)=2,F16-E16,"") -> 1.76 | J16: =IF(COUNT(E16,H16)=2,H16-E16,"") | K16: =IF(COUNT(F16,G16)=2,F16-G16,"") -> 0.22 | L16: 9 | M16: 9 | N16: 8 | O16: 2 | P16: 6.5 | Q16: 7 | R16: 5.5 | S16: 5 | T16: 7.5 | AH16: =IF(COUNT(L16,P16)=2,P16-L16,"") -> -2.5 | AI16: =IF(COUNT(M16,Q16)=2,Q16-M16,"") -> -2 | AJ16: =IF(COUNT(N16,R16)=2,R16-N16,"") -> -2.5 | AK16: =IF(COUNT(O16,S16)=2,S16-O16,"") -> 3 | AL16: =IF(COUNT(AB16,AC16)=2,AC16-AB16,"") | AM16: =IF(COUNT(AD16,AE16)=2,AE16-AD16,"") | AN16: =IF(COUNT(F16,H16)=2,H16-F16,"") | AO16: =IF(COUNT(E16,F16)=2,(F16-E16)/E16,"") -> 0.1307578 | AP16: =IF(COUNT(E16,H16)=2,(H16-E16)/E16,"") | AQ16: =IF(COUNT(E16,G16)=2,(G16-E16)/E16,"") -> 0.11441308
... A21: ABB | B21: 202 | C21: גבר | D21: B, B, A | E21: 17.75 | F21: 22.16 | G21: 20.22 | I21: =IF(COUNT(E21,F21)=2,F21-E21,"") -> 4.41 | J21: =IF(COUNT(E21,H21)=2,H21-E21,"") | K21: =IF(COUNT(F21,G21)=2,F21-G21,"") -> 1.94 | L21: 9 | M21: 9 | N21: 8 | O21: 2 | P21: 9 | Q21: 9 | R21: 8 | S21: 2.5 | T21: 9 | AH21: =IF(COUNT(L21,P21)=2,P21-L21,"") -> 0 | AI21: =IF(COUNT(M21,Q21)=2,Q21-M21,"") -> 0 | AJ21: =IF(COUNT(N21,R21)=2,R21-N21,"") -> 0 | AK21: =IF(COUNT(O21,S21)=2,S21-O21,"") -> 0.5 | AL21: =IF(COUNT(AB21,AC21)=2,AC21-AB21,"") | AM21: =IF(COUNT(AD21,AE21)=2,AE21-AD21,"") | AN21: =IF(COUNT(F21,H21)=2,H21-F21,"") | AO21: =IF(COUNT(E21,F21)=2,(F21-E21)/E21,"") -> 0.2484507 | AP21: =IF(COUNT(E21,H21)=2,(H21-E21)/E21,"") | AQ21: =IF(COUNT(E21,G21)=2,(G21-E21)/E21,"") -> 0.13915493
A22: ABC | B22: 106 | C22: גבר | D22: BAC | E22: 15.09 | F22: 20 | H22: 16.96 | I22: =IF(COUNT(E22,F22)=2,F22-E22,"") -> 4.91 | J22: =IF(COUNT(E22,H22)=2,H22-E22,"") -> 1.87 | K22: =IF(COUNT(F22,G22)=2,F22-G22,"") | L22: 9 | M22: 9 | N22: 9 | O22: 1 | P22: 8 | Q22: 6 | R22: 8 | S22: 2 | T22: 8 | U22: 9 | V22: 8 | W22: 9 | X22: 1 | Y22: 8 | Z22: כן | AA22: בהליכה עם רצועה | AB22: 7 | AC22: 9 | AD22: 7 | AE22: 8 | AH22: =IF(COUNT(L22,P22)=2,P22-L22,"") -> -1 | AI22: =IF(COUNT(M22,Q22)=2,Q22-M22,"") -> -3 | AJ22: =IF(COUNT(N22,R22)=2,R22-N22,"") -> -1 | AK22: =IF(COUNT(O22,S22)=2,S22-O22,"") -> 1 | AL22: =IF(COUNT(AB22,AC22)=2,AC22-AB22,"") -> 2 | AM22: =IF(COUNT(AD22,AE22)=2,AE22-AD22,"") -> 1 | AN22: =IF(COUNT(F22,H22)=2,H22-F22,"") -> -3.04 | AO22: =IF(COUNT(E22,F22)=2,(F22-E22)/E22,"") -> 0.32538105 | AP22: =IF(COUNT(E22,H22)=2,(H22-E22)/E22,"") -> 0.12392313 | AQ22: =IF(COUNT(E22,G22)=2,(G22-E22)/E22,"")
A23: ABC | B23: 107 | C23: אישה | D23: CAB | E23: 14.56 | F23: 14.2 | H23: 16.16 | I23: =IF(COUNT(E23,F23)=2,F23-E23,"") -> -0.36 | J23: =IF(COUNT(E23,H23)=2,H23-E23,"") -> 1.6 | K23: =IF(COUNT(F23,G23)=2,F23-G23,"") | L23: 8 | M23: 9 | N23: 7 | O23: 1 | P23: 8 | Q23: 6 | R23: 7 | S23: 6 | T23: 7 | U23: 7 | V23: 8 | W23: 6 | X23: 6 | Y23: 7 | Z23: לא | AA23: לא הרגשתי הבדל בין המצבים | AB23: 7 | AC23: 7 | AD23: 2 | AE23: 5 | AH23: =IF(COUNT(L23,P23)=2,P23-L23,"") -> 0 | AI23: =IF(COUNT(M23,Q23)=2,Q23-M23,"") -> -3 | AJ23: =IF(COUNT(N23,R23)=2,R23-N23,"") -> 0 | AK23: =IF(COUNT(O23,S23)=2,S23-O23,"") -> 5 | AL23: =IF(COUNT(AB23,AC23)=2,AC23-AB23,"") -> 0 | AM23: =IF(COUNT(AD23,AE23)=2,AE23-AD23,"") -> 3 | AN23: =IF(COUNT(F23,H23)=2,H23-F23,"") -> 1.96 | AO23: =IF(COUNT(E23,F23)=2,(F23-E23)/E23,"") -> -0.024725275 | AP23: =IF(COUNT(E23,H23)=2,(H23-E23)/E23,"") -> 0.10989011 | AQ23: =IF(COUNT(E23,G23)=2,(G23-E23)/E23,"")
A24: ABC | B24: 108 | C24: גבר | D24: ACB | E24: 16.4 | F24: 16.5 | H24: 17.31 | I24: =IF(COUNT(E24,F24)=2,F24-E24,"") -> 0.1 | J24: =IF(COUNT(E24,H24)=2,H24-E24,"") -> 0.91 | K24: =IF(COUNT(F24,G24)=2,F24-G24,"") | L24: 8 | M24: 8 | N24: 7 | O24: 2 | P24: 9 | Q24: 9 | R24: 9 | S24: 1 | T24: 9 | U24: 9 | V24: 9 | W24: 8 | X24: 2 | Y24: 9 | Z24: לא | AA24: בהליכה עם רצועה | AB24: 8 | AC24: 9 | AD24: 8 | AE24: 8 | AH24: =IF(COUNT(L24,P24)=2,P24-L24,"") -> 1 | AI24: =IF(COUNT(M24,Q24)=2,Q24-M24,"") -> 1 | AJ24: =IF(COUNT(N24,R24)=2,R24-N24,"") -> 2 | AK24: =IF(COUNT(O24,S24)=2,S24-O24,"") -> -1 | AL24: =IF(COUNT(AB24,AC24)=2,AC24-AB24,"") -> 1 | AM24: =IF(COUNT(AD24,AE24)=2,AE24-AD24,"") -> 0 | AN24: =IF(COUNT(F24,H24)=2,H24-F24,"") -> 0.81 | AO24: =IF(COUNT(E24,F24)=2,(F24-E24)/E24,"") -> 0.006097561 | AP24: =IF(COUNT(E24,H24)=2,(H24-E24)/E24,"") -> 0.055487805 | AQ24: =IF(COUNT(E24,G24)=2,(G24-E24)/E24,"")
A25: ABC | B25: 109 | C25: גבר | D25: BCA | E25: 14.16 | F25: 20.11 | H25: 19.4 | I25: =IF(COUNT(E25,F25)=2,F25-E25,"") -> 5.95 | J25: =IF(COUNT(E25,H25)=2,H25-E25,"") -> 5.24 | K25: =IF(COUNT(F25,G25)=2,F25-G25,"") | L25: 7 | M25: 9 | N25: 9 | O25: 1 | P25: 6 | Q25: 6 | R25: 7 | S25: 3 | T25: 6 | U25: 4 | V25: 3 | W25: 7 | X25: 6 | Y25: 4 | Z25: לא | AA25: בהליכה עם רצועה | AB25: 6 | AC25: 3 | AD25: 3 | AE25: 5 | AH25: =IF(COUNT(L25,P25)=2,P25-L25,"") -> -1 | AI25: =IF(COUNT(M25,Q25)=2,Q25-M25,"") -> -3 | AJ25: =IF(COUNT(N25,R25)=2,R25-N25,"") -> -2 | AK25: =IF(COUNT(O25,S25)=2,S25-O25,"") -> 2 | AL25: =IF(COUNT(AB25,AC25)=2,AC25-AB25,"") -> -3 | AM25: =IF(COUNT(AD25,AE25)=2,AE25-AD25,"") -> 2 | AN25: =IF(COUNT(F25,H25)=2,H25-F25,"") -> -0.71 | AO25: =IF(COUNT(E25,F25)=2,(F25-E25)/E25,"") -> 0.42019774 | AP25: =IF(COUNT(E25,H25)=2,(H25-E25)/E25,"") -> 0.3700565 | AQ25: =IF(COUNT(E25,G25)=2,(G25-E25)/E25,"")
A26: ABC | B26: 110 | C26: גבר | D26: ABC | E26: 15.31 | F26: 19.13 | H26: 15.35 | I26: =IF(COUNT(E26,F26)=2,F26-E26,"") -> 3.82 | J26: =IF(COUNT(E26,H26)=2,H26-E26,"") -> 0.04 | K26: =IF(COUNT(F26,G26)=2,F26-G26,"") | L26: 9 | M26: 9 | N26: 9 | O26: 9 | P26: 9 | Q26: 9 | R26: 9 | S26: 1 | T26: 9 | U26: 9 | V26: 9 | W26: 9 | X26: 1 | Y26: 9 | Z26: לא | AA26: אף פעם לא הרגשתי שהוא שותף להליכה | AB26: 9 | AC26: 9 | AD26: 1 | AE26: 5 | AH26: =IF(COUNT(L26,P26)=2,P26-L26,"") -> 0 | AI26: =IF(COUNT(M26,Q26)=2,Q26-M26,"") -> 0 | AJ26: =IF(COUNT(N26,R26)=2,R26-N26,"") -> 0 | AK26: =IF(COUNT(O26,S26)=2,S26-O26,"") -> -8 | AL26: =IF(COUNT(AB26,AC26)=2,AC26-AB26,"") -> 0 | AM26: =IF(COUNT(AD26,AE26)=2,AE26-AD26,"") -> 4 | AN26: =IF(COUNT(F26,H26)=2,H26-F26,"") -> -3.78 | AO26: =IF(COUNT(E26,F26)=2,(F26-E26)/E26,"") -> 0.24951012 | AP26: =IF(COUNT(E26,H26)=2,(H26-E26)/E26,"") -> 0.0026126715 | AQ26: =IF(COUNT(E26,G26)=2,(G26-E26)/E26,"")
A27: ABC | B27: 111 | C27: אישה | D27: ACB | E27: 18.62 | F27: 18.16 | H27: 18.4 | I27: =IF(COUNT(E27,F27)=2,F27-E27,"") -> -0.46 | J27: =IF(COUNT(E27,H27)=2,H27-E27,"") -> -0.22 | K27: =IF(COUNT(F27,G27)=2,F27-G27,"") | L27: 9 | M27: 9 | N27: 7 | O27: 1 | P27: 9 | Q27: 9 | R27: 9 | S27: 8 | T27: 9 | U27: 9 | V27: 9 | W27: 8 | X27: 8 | Y27: 9 | Z27: לא | AA27: בהליכה עם רצועה | AB27: 8 | AC27: 9 | AD27: 8 | AE27: 9 | AH27: =IF(COUNT(L27,P27)=2,P27-L27,"") -> 0 | AI27: =IF(COUNT(M27,Q27)=2,Q27-M27,"") -> 0 | AJ27: =IF(COUNT(N27,R27)=2,R27-N27,"") -> 2 | AK27: =IF(COUNT(O27,S27)=2,S27-O27,"") -> 7 | AL27: =IF(COUNT(AB27,AC27)=2,AC27-AB27,"") -> 1 | AM27: =IF(COUNT(AD27,AE27)=2,AE27-AD27,"") -> 1 | AN27: =IF(COUNT(F27,H27)=2,H27-F27,"") -> 0.24 | AO27: =IF(COUNT(E27,F27)=2,(F27-E27)/E27,"") -> -0.024704619 | AP27: =IF(COUNT(E27,H27)=2,(H27-E27)/E27,"") -> -0.011815252 | AQ27: =IF(COUNT(E27,G27)=2,(G27-E27)/E27,"")
A28: ABC | B28: 112 | C28: אישה | D28: BAC | E28: 16.37 | F28: 18.31 | H28: 18.44 | I28: =IF(COUNT(E28,F28)=2,F28-E28,"") -> 1.94 | J28: =IF(COUNT(E28,H28)=2,H28-E28,"") -> 2.07 | K28: =IF(COUNT(F28,G28)=2,F28-G28,"") | L28: 8 | M28: 9 | N28: 8 | O28: 2 | P28: 5 | Q28: 3 | R28: 4 | S28: 7 | T28: 5 | U28: 8 | V28: 7 | W28: 7 | X28: 7 | Y28: 8 | Z28: כן | AA28: בהליכה עם רצועה | AB28: 3 | AC28: 8 | AD28: 1 | AE28: 8 | AH28: =IF(COUNT(L28,P28)=2,P28-L28,"") -> -3 | AI28: =IF(COUNT(M28,Q28)=2,Q28-M28,"") -> -6 | AJ28: =IF(COUNT(N28,R28)=2,R28-N28,"") -> -4 | AK28: =IF(COUNT(O28,S28)=2,S28-O28,"") -> 5 | AL28: =IF(COUNT(AB28,AC28)=2,AC28-AB28,"") -> 5 | AM28: =IF(COUNT(AD28,AE28)=2,AE28-AD28,"") -> 7 | AN28: =IF(COUNT(F28,H28)=2,H28-F28,"") -> 0.13 | AO28: =IF(COUNT(E28,F28)=2,(F28-E28)/E28,"") -> 0.11850947 | AP28: =IF(COUNT(E28,H28)=2,(H28-E28)/E28,"") -> 0.12645082 | AQ28: =IF(COUNT(E28,G28)=2,(G28-E28)/E28,"")
A29: ABC | B29: 113 | C29: גבר | D29: CAB | E29: 20.34 | F29: 20.22 | H29: 26.68 | I29: =IF(COUNT(E29,F29)=2,F29-E29,"") -> -0.12 | J29: =IF(COUNT(E29,H29)=2,H29-E29,"") -> 6.34 | K29: =IF(COUNT(F29,G29)=2,F29-G29,"") | L29: 8 | M29: 7 | N29: 8 | O29: 1 | P29: 8 | Q29: 6 | R29: 8 | S29: 1 | T29: 7 | U29: 8 | V29: 6 | W29: 7 | X29: 3 | Y29: 3 | Z29: כן | AA29: בהליכה עם רצועה | AB29: 3 | AC29: 6 | AD29: 2 | AE29: 6 | AH29: =IF(COUNT(L29,P29)=2,P29-L29,"") -> 0 | AI29: =IF(COUNT(M29,Q29)=2,Q29-M29,"") -> -1 | AJ29: =IF(COUNT(N29,R29)=2,R29-N29,"") -> 0 | AK29: =IF(COUNT(O29,S29)=2,S29-O29,"") -> 0 | AL29: =IF(COUNT(AB29,AC29)=2,AC29-AB29,"") -> 3 | AM29: =IF(COUNT(AD29,AE29)=2,AE29-AD29,"") -> 4 | AN29: =IF(COUNT(F29,H29)=2,H29-F29,"") -> 6.46 | AO29: =IF(COUNT(E29,F29)=2,(F29-E29)/E29,"") -> -0.005899705 | AP29: =IF(COUNT(E29,H29)=2,(H29-E29)/E29,"") -> 0.31170108 | AQ29: =IF(COUNT(E29,G29)=2,(G29-E29)/E29,"")
A30: ABC | B30: 114 | C30: אישה | D30: BAC | E30: 15.5 | F30: 16.9 | H30: 19.5 | I30: =IF(COUNT(E30,F30)=2,F30-E30,"") -> 1.4 | J30: =IF(COUNT(E30,H30)=2,H30-E30,"") -> 4 | K30: =IF(COUNT(F30,G30)=2,F30-G30,"") | L30: 9 | M30: 9 | N30: 9 | O30: 2 | P30: 9 | Q30: 7 | R30: 7 | S30: 3 | T30: 5 | U30: 5 | V30: 7 | W30: 4 | X30: 7 | Y30: 6 | Z30: כן | AA30: בהליכה ללא רצועה | AB30: 6 | AC30: 5 | AD30: 7 | AE30: 6 | AH30: =IF(COUNT(L30,P30)=2,P30-L30,"") -> 0 | AI30: =IF(COUNT(M30,Q30)=2,Q30-M30,"") -> -2 | AJ30: =IF(COUNT(N30,R30)=2,R30-N30,"") -> -2 | AK30: =IF(COUNT(O30,S30)=2,S30-O30,"") -> 1 | AL30: =IF(COUNT(AB30,AC30)=2,AC30-AB30,"") -> -1 | AM30: =IF(COUNT(AD30,AE30)=2,AE30-AD30,"") -> -1 | AN30: =IF(COUNT(F30,H30)=2,H30-F30,"") -> 2.6 | AO30: =IF(COUNT(E30,F30)=2,(F30-E30)/E30,"") -> 0.090322581 | AP30: =IF(COUNT(E30,H30)=2,(H30-E30)/E30,"") -> 0.25806452 | AQ30: =IF(COUNT(E30,G30)=2,(G30-E30)/E30,"")
A31: ABC | B31: 115 | C31: אישה | D31: BAC | E31: 16.56 | F31: 17.28 | H31: 21.75 | I31: =IF(COUNT(E31,F31)=2,F31-E31,"") -> 0.72 | J31: =IF(COUNT(E31,H31)=2,H31-E31,"") -> 5.19 | K31: =IF(COUNT(F31,G31)=2,F31-G31,"") | L31: 9 | M31: 9 | N31: 9 | O31: 1 | P31: 8 | Q31: 7 | R31: 9 | S31: 1 | T31: 5 | U31: 8 | V31: 8 | W31: 8 | X31: 5 | Y31: 7 | Z31: כן | AA31: בהליכה עם רצועה | AB31: 7 | AC31: 8 | AD31: 9 | AE31: 8 | AH31: =IF(COUNT(L31,P31)=2,P31-L31,"") -> -1 | AI31: =IF(COUNT(M31,Q31)=2,Q31-M31,"") -> -2 | AJ31: =IF(COUNT(N31,R31)=2,R31-N31,"") -> 0 | AK31: =IF(COUNT(O31,S31)=2,S31-O31,"") -> 0 | AL31: =IF(COUNT(AB31,AC31)=2,AC31-AB31,"") -> 1 | AM31: =IF(COUNT(AD31,AE31)=2,AE31-AD31,"") -> -1 | AN31: =IF(COUNT(F31,H31)=2,H31-F31,"") -> 4.47 | AO31: =IF(COUNT(E31,F31)=2,(F31-E31)/E31,"") -> 0.043478261 | AP31: =IF(COUNT(E31,H31)=2,(H31-E31)/E31,"") -> 0.3134058 | AQ31: =IF(COUNT(E31,G31)=2,(G31-E31)/E31,"")
A32: ABC | B32: 116 | C32: גבר | D32: ABC | E32: 18.81 | F32: 20.5 | H32: 19.15 | I32: =IF(COUNT(E32,F32)=2,F32-E32,"") -> 1.69 | J32: =IF(COUNT(E32,H32)=2,H32-E32,"") -> 0.34 | K32: =IF(COUNT(F32,G32)=2,F32-G32,"") | L32: 5 | M32: 9 | N32: 5 | O32: 2 | P32: 5 | Q32: 9 | R32: 5 | S32: 2 | T32: 8 | U32: 7 | V32: 9 | W32: 7 | X32: 2 | Y32: 9 | Z32: לא | AA32: בהליכה עם רצועה | AB32: 8 | AC32: 9 | AD32: 3 | AE32: 5 | AH32: =IF(COUNT(L32,P32)=2,P32-L32,"") -> 0 | AI32: =IF(COUNT(M32,Q32)=2,Q32-M32,"") -> 0 | AJ32: =IF(COUNT(N32,R32)=2,R32-N32,"") -> 0 | AK32: =IF(COUNT(O32,S32)=2,S32-O32,"") -> 0 | AL32: =IF(COUNT(AB32,AC32)=2,AC32-AB32,"") -> 1 | AM32: =IF(COUNT(AD32,AE32)=2,AE32-AD32,"") -> 2 | AN32: =IF(COUNT(F32,H32)=2,H32-F32,"") -> -1.35 | AO32: =IF(COUNT(E32,F32)=2,(F32-E32)/E32,"") -> 0.089845827 | AP32: =IF(COUNT(E32,H32)=2,(H32-E32)/E32,"") -> 0.018075492 | AQ32: =IF(COUNT(E32,G32)=2,(G32-E32)/E32,"")
A33: ABC | B33: 117 | C33: אישה | D33: CBA | E33: 16.78 | F33: 16.44 | H33: 17.1 | I33: =IF(COUNT(E33,F33)=2,F33-E33,"") -> -0.34 | J33: =IF(COUNT(E33,H33)=2,H33-E33,"") -> 0.32 | K33: =IF(COUNT(F33,G33)=2,F33-G33,"") | L33: 8 | M33: 8 | N33: 8 | O33: 1 | P33: 8 | Q33: 8 | R33: 8 | S33: 2 | T33: 8 | U33: 7 | V33: 6 | W33: 6 | X33: 3 | Y33: 7 | Z33: לא | AA33: לא הרגשתי הבדל בין המצבים | AB33: 8 | AC33: 6 | AD33: 6 | AE33: 6 | AH33: =IF(COUNT(L33,P33)=2,P33-L33,"") -> 0 | AI33: =IF(COUNT(M33,Q33)=2,Q33-M33,"") -> 0 | AJ33: =IF(COUNT(N33,R33)=2,R33-N33,"") -> 0 | AK33: =IF(COUNT(O33,S33)=2,S33-O33,"") -> 1 | AL33: =IF(COUNT(AB33,AC33)=2,AC33-AB33,"") -> -2 | AM33: =IF(COUNT(AD33,AE33)=2,AE33-AD33,"") -> 0 | AN33: =IF(COUNT(F33,H33)=2,H33-F33,"") -> 0.66 | AO33: =IF(COUNT(E33,F33)=2,(F33-E33)/E33,"") -> -0.020262217 | AP33: =IF(COUNT(E33,H33)=2,(H33-E33)/E33,"") -> 0.019070322 | AQ33: =IF(COUNT(E33,G33)=2,(G33-E33)/E33,"")
... A37: ABC | B37: 121 | C37: גבר | D37: ABC | E37: 14.9 | F37: 17.69 | H37: 16.66 | I37: =IF(COUNT(E37,F37)=2,F37-E37,"") -> 2.79 | J37: =IF(COUNT(E37,H37)=2,H37-E37,"") -> 1.76 | K37: =IF(COUNT(F37,G37)=2,F37-G37,"") | L37: 8 | M37: 8 | N37: 8 | O37: 1 | P37: 8 | Q37: 7 | R37: 8 | S37: 1 | T37: 6 | U37: 8 | V37: 8 | W37: 8 | X37: 1 | Y37: 8 | Z37: כן | AA37: בהליכה עם רצועה | AB37: 6 | AC37: 8 | AD37: 5 | AE37: 7 | AH37: =IF(COUNT(L37,P37)=2,P37-L37,"") -> 0 | AI37: =IF(COUNT(M37,Q37)=2,Q37-M37,"") -> -1 | AJ37: =IF(COUNT(N37,R37)=2,R37-N37,"") -> 0 | AK37: =IF(COUNT(O37,S37)=2,S37-O37,"") -> 0 | AL37: =IF(COUNT(AB37,AC37)=2,AC37-AB37,"") -> 2 | AM37: =IF(COUNT(AD37,AE37)=2,AE37-AD37,"") -> 2 | AN37: =IF(COUNT(F37,H37)=2,H37-F37,"") -> -1.03 | AO37: =IF(COUNT(E37,F37)=2,(F37-E37)/E37,"") -> 0.18724832 | AP37: =IF(COUNT(E37,H37)=2,(H37-E37)/E37,"") -> 0.11812081 | AQ37: =IF(COUNT(E37,G37)=2,(G37-E37)/E37,"")
A38: ABC | B38: 122 | C38: גבר | D38: ACB | E38: 13.28 | F38: 13.94 | H38: 14.56 | I38: =IF(COUNT(E38,F38)=2,F38-E38,"") -> 0.66 | J38: =IF(COUNT(E38,H38)=2,H38-E38,"") -> 1.28 | K38: =IF(COUNT(F38,G38)=2,F38-G38,"") | L38: 9 | M38: 9 | N38: 9 | O38: 1 | P38: 9 | Q38: 9 | R38: 9 | S38: 1 | T38: 9 | U38: 8 | V38: 9 | W38: 9 | X38: 8 | Y38: 7 | Z38: לא | AA38: לא הרגשתי הבדל בין המצבים | AB38: 9 | AC38: 9 | AD38: 8 | AE38: 8 | AF38: 8 | AG38: 5 | AH38: =IF(COUNT(L38,P38)=2,P38-L38,"") -> 0 | AI38: =IF(COUNT(M38,Q38)=2,Q38-M38,"") -> 0 | AJ38: =IF(COUNT(N38,R38)=2,R38-N38,"") -> 0 | AK38: =IF(COUNT(O38,S38)=2,S38-O38,"") -> 0 | AL38: =IF(COUNT(AB38,AC38)=2,AC38-AB38,"") -> 0 | AM38: =IF(COUNT(AD38,AE38)=2,AE38-AD38,"") -> 0 | AN38: =IF(COUNT(F38,H38)=2,H38-F38,"") -> 0.62 | AO38: =IF(COUNT(E38,F38)=2,(F38-E38)/E38,"") -> 0.049698795 | AP38: =IF(COUNT(E38,H38)=2,(H38-E38)/E38,"") -> 0.096385542 | AQ38: =IF(COUNT(E38,G38)=2,(G38-E38)/E38,"")
A39: ABC | B39: 123 | C39: אישה | D39: ACB | E39: 14.06 | F39: 13.87 | H39: 15.9 | I39: =IF(COUNT(E39,F39)=2,F39-E39,"") -> -0.19 | J39: =IF(COUNT(E39,H39)=2,H39-E39,"") -> 1.84 | K39: =IF(COUNT(F39,G39)=2,F39-G39,"") | L39: 6 | M39: 6 | N39: 9 | O39: 1 | P39: 6 | Q39: 6 | R39: 6 | S39: 6 | T39: 1 | U39: 3 | V39: 3 | W39: 9 | X39: 1 | Y39: 1 | Z39: כן | AA39: אף פעם לא הרגשתי שהוא שותף להליכה | AB39: 4 | AC39: 4 | AD39: 3 | AE39: 3 | AF39: 1 | AG39: 1 | AH39: =IF(COUNT(L39,P39)=2,P39-L39,"") -> 0 | AI39: =IF(COUNT(M39,Q39)=2,Q39-M39,"") -> 0 | AJ39: =IF(COUNT(N39,R39)=2,R39-N39,"") -> -3 | AK39: =IF(COUNT(O39,S39)=2,S39-O39,"") -> 5 | AL39: =IF(COUNT(AB39,AC39)=2,AC39-AB39,"") -> 0 | AM39: =IF(COUNT(AD39,AE39)=2,AE39-AD39,"") -> 0 | AN39: =IF(COUNT(F39,H39)=2,H39-F39,"") -> 2.03 | AO39: =IF(COUNT(E39,F39)=2,(F39-E39)/E39,"") -> -0.013513514 | AP39: =IF(COUNT(E39,H39)=2,(H39-E39)/E39,"") -> 0.13086771 | AQ39: =IF(COUNT(E39,G39)=2,(G39-E39)/E39,"")
A40: ABC | B40: 124 | C40: אישה | D40: BAC | E40: 15.26 | F40: 21.15 | H40: 18.78 | I40: =IF(COUNT(E40,F40)=2,F40-E40,"") -> 5.89 | J40: =IF(COUNT(E40,H40)=2,H40-E40,"") -> 3.52 | K40: =IF(COUNT(F40,G40)=2,F40-G40,"") | L40: 9 | M40: 9 | N40: 9 | O40: 2 | P40: 3 | Q40: 8 | R40: 3 | S40: 8 | T40: 6 | U40: 7 | V40: 6 | W40: 7 | X40: 4 | Y40: 4 | Z40: כן | AA40: אף פעם לא הרגשתי שהוא שותף להליכה | AB40: 4 | AC40: 6 | AD40: 4 | AE40: 7 | AF40: 2 | AG40: 2 | AH40: =IF(COUNT(L40,P40)=2,P40-L40,"") -> -6 | AI40: =IF(COUNT(M40,Q40)=2,Q40-M40,"") -> -1 | AJ40: =IF(COUNT(N40,R40)=2,R40-N40,"") -> -6 | AK40: =IF(COUNT(O40,S40)=2,S40-O40,"") -> 6 | AL40: =IF(COUNT(AB40,AC40)=2,AC40-AB40,"") -> 2 | AM40: =IF(COUNT(AD40,AE40)=2,AE40-AD40,"") -> 3 | AN40: =IF(COUNT(F40,H40)=2,H40-F40,"") -> -2.37 | AO40: =IF(COUNT(E40,F40)=2,(F40-E40)/E40,"") -> 0.38597641 | AP40: =IF(COUNT(E40,H40)=2,(H40-E40)/E40,"") -> 0.23066841 | AQ40: =IF(COUNT(E40,G40)=2,(G40-E40)/E40,"")
A41: ABC | B41: 125 | C41: גבר | D41: BCA | E41: 11.66 | F41: 14.04 | H41: 13.22 | I41: =IF(COUNT(E41,F41)=2,F41-E41,"") -> 2.38 | J41: =IF(COUNT(E41,H41)=2,H41-E41,"") -> 1.56 | K41: =IF(COUNT(F41,G41)=2,F41-G41,"") | L41: 9 | M41: 9 | N41: 8 | O41: 1 | P41: 9 | Q41: 9 | R41: 8 | S41: 2 | T41: 8 | U41: 7 | V41: 8 | W41: 7 | X41: 5 | Y41: 7 | Z41: לא | AA41: בהליכה עם רצועה | AB41: 9 | AC41: 7 | AD41: 9 | AE41: 7 | AF41: 8 | AG41: 6 | AH41: =IF(COUNT(L41,P41)=2,P41-L41,"") -> 0 | AI41: =IF(COUNT(M41,Q41)=2,Q41-M41,"") -> 0 | AJ41: =IF(COUNT(N41,R41)=2,R41-N41,"") -> 0 | AK41: =IF(COUNT(O41,S41)=2,S41-O41,"") -> 1 | AL41: =IF(COUNT(AB41,AC41)=2,AC41-AB41,"") -> -2 | AM41: =IF(COUNT(AD41,AE41)=2,AE41-AD41,"") -> -2 | AN41: =IF(COUNT(F41,H41)=2,H41-F41,"") -> -0.82 | AO41: =IF(COUNT(E41,F41)=2,(F41-E41)/E41,"") -> 0.20411664 | AP41: =IF(COUNT(E41,H41)=2,(H41-E41)/E41,"") -> 0.13379074 | AQ41: =IF(COUNT(E41,G41)=2,(G41-E41)/E41,"")
A42: ABC | B42: 126 | C42: אישה | D42: CAB | E42: 14.63 | F42: 13.63 | H42: 16.24 | I42: =IF(COUNT(E42,F42)=2,F42-E42,"") -> -1 | J42: =IF(COUNT(E42,H42)=2,H42-E42,"") -> 1.61 | K42: =IF(COUNT(F42,G42)=2,F42-G42,"") | L42: 9 | M42: 9 | N42: 9 | O42: 1 | P42: 8 | Q42: 5 | R42: 6 | S42: 4 | T42: 6 | U42: 6 | V42: 6 | W42: 6.5 | X42: 7 | Y42: 6 | Z42: כן | AA42: בהליכה עם רצועה | AB42: 4 | AC42: 7 | AD42: 3 | AE42: 7 | AF42: 7 | AG42: 2 | AH42: =IF(COUNT(L42,P42)=2,P42-L42,"") -> -1 | AI42: =IF(COUNT(M42,Q42)=2,Q42-M42,"") -> -4 | AJ42: =IF(COUNT(N42,R42)=2,R42-N42,"") -> -3 | AK42: =IF(COUNT(O42,S42)=2,S42-O42,"") -> 3 | AL42: =IF(COUNT(AB42,AC42)=2,AC42-AB42,"") -> 3 | AM42: =IF(COUNT(AD42,AE42)=2,AE42-AD42,"") -> 4 | AN42: =IF(COUNT(F42,H42)=2,H42-F42,"") -> 2.61 | AO42: =IF(COUNT(E42,F42)=2,(F42-E42)/E42,"") -> -0.0683527 | AP42: =IF(COUNT(E42,H42)=2,(H42-E42)/E42,"") -> 0.11004785 | AQ42: =IF(COUNT(E42,G42)=2,(G42-E42)/E42,"")
A43: ABC | B43: 127 | C43: גבר | D43: CBA | E43: 13.85 | F43: 18.34 | H43: 17.5 | I43: =IF(COUNT(E43,F43)=2,F43-E43,"") -> 4.49 | J43: =IF(COUNT(E43,H43)=2,H43-E43,"") -> 3.65 | K43: =IF(COUNT(F43,G43)=2,F43-G43,"") | L43: 9 | M43: 9 | N43: 9 | O43: 1 | P43: 6 | Q43: 8 | R43: 6 | S43: 7 | T43: 7 | U43: 6 | V43: 8 | W43: 5 | X43: 9 | Y43: 7 | Z43: כן | AA43: לא הרגשתי הבדל בין המצבים | AB43: 5 | AC43: 6 | AD43: 2 | AE43: 4 | AF43: 8 | AG43: 3 | AH43: =IF(COUNT(L43,P43)=2,P43-L43,"") -> -3 | AI43: =IF(COUNT(M43,Q43)=2,Q43-M43,"") -> -1 | AJ43: =IF(COUNT(N43,R43)=2,R43-N43,"") -> -3 | AK43: =IF(COUNT(O43,S43)=2,S43-O43,"") -> 6 | AL43: =IF(COUNT(AB43,AC43)=2,AC43-AB43,"") -> 1 | AM43: =IF(COUNT(AD43,AE43)=2,AE43-AD43,"") -> 2 | AN43: =IF(COUNT(F43,H43)=2,H43-F43,"") -> -0.84 | AO43: =IF(COUNT(E43,F43)=2,(F43-E43)/E43,"") -> 0.32418773 | AP43: =IF(COUNT(E43,H43)=2,(H43-E43)/E43,"") -> 0.26353791 | AQ43: =IF(COUNT(E43,G43)=2,(G43-E43)/E43,"")
A44: ABC | B44: 128 | C44: אישה | D44: BAC | E44: 15.85 | F44: 25.59 | H44: 15.25 | I44: =IF(COUNT(E44,F44)=2,F44-E44,"") -> 9.74 | J44: =IF(COUNT(E44,H44)=2,H44-E44,"") -> -0.6 | K44: =IF(COUNT(F44,G44)=2,F44-G44,"") | L44: 9 | M44: 9 | N44: 8 | O44: 6 | P44: 9 | Q44: 7 | R44: 7 | S44: 7 | T44: 7 | U44: 9 | V44: 8 | W44: 6 | X44: 3 | Y44: 9 | Z44: לא | AA44: בהליכה עם רצועה | AB44: 8 | AC44: 9 | AD44: 2 | AE44: 5 | AF44: 9 | AG44: 6 | AH44: =IF(COUNT(L44,P44)=2,P44-L44,"") -> 0 | AI44: =IF(COUNT(M44,Q44)=2,Q44-M44,"") -> -2 | AJ44: =IF(COUNT(N44,R44)=2,R44-N44,"") -> -1 | AK44: =IF(COUNT(O44,S44)=2,S44-O44,"") -> 1 | AL44: =IF(COUNT(AB44,AC44)=2,AC44-AB44,"") -> 1 | AM44: =IF(COUNT(AD44,AE44)=2,AE44-AD44,"") -> 3 | AN44: =IF(COUNT(F44,H44)=2,H44-F44,"") -> -10.34 | AO44: =IF(COUNT(E44,F44)=2,(F44-E44)/E44,"") -> 0.61451104 | AP44: =IF(COUNT(E44,H44)=2,(H44-E44)/E44,"") -> -0.03785489 | AQ44: =IF(COUNT(E44,G44)=2,(G44-E44)/E44,"")
A45: ABC | B45: 129 | C45: גבר | D45: BCA | E45: 15.28 | F45: 17.91 | H45: 19 | I45: =IF(COUNT(E45,F45)=2,F45-E45,"") -> 2.63 | J45: =IF(COUNT(E45,H45)=2,H45-E45,"") -> 3.72 | K45: =IF(COUNT(F45,G45)=2,F45-G45,"") | L45: 8 | M45: 7 | N45: 8 | O45: 1 | P45: 7 | Q45: 6 | R45: 9 | S45: 1 | T45: 7 | U45: 7 | V45: 8 | W45: 6 | X45: 6 | Y45: 7 | Z45: לא | AA45: בהליכה ללא רצועה | AB45: 6 | AC45: 7 | AD45: 6 | AE45: 7 | AF45: 4 | AG45: 4 | AH45: =IF(COUNT(L45,P45)=2,P45-L45,"") -> -1 | AI45: =IF(COUNT(M45,Q45)=2,Q45-M45,"") -> -1 | AJ45: =IF(COUNT(N45,R45)=2,R45-N45,"") -> 1 | AK45: =IF(COUNT(O45,S45)=2,S45-O45,"") -> 0 | AL45: =IF(COUNT(AB45,AC45)=2,AC45-AB45,"") -> 1 | AM45: =IF(COUNT(AD45,AE45)=2,AE45-AD45,"") -> 1 | AN45: =IF(COUNT(F45,H45)=2,H45-F45,"") -> 1.09 | AO45: =IF(COUNT(E45,F45)=2,(F45-E45)/E45,"") -> 0.17212042 | AP45: =IF(COUNT(E45,H45)=2,(H45-E45)/E45,"") -> 0.2434555 | AQ45: =IF(COUNT(E45,G45)=2,(G45-E45)/E45,"")
A46: ABC | B46: 130 | C46: גבר | D46: CAB | E46: 16.65 | F46: 18.5 | H46: 18.91 | I46: =IF(COUNT(E46,F46)=2,F46-E46,"") -> 1.85 | J46: =IF(COUNT(E46,H46)=2,H46-E46,"") -> 2.26 | K46: =IF(COUNT(F46,G46)=2,F46-G46,"") | L46: 9 | M46: 9 | N46: 9 | O46: 1 | P46: 7 | Q46: 4 | R46: 6 | S46: 8 | T46: 6 | U46: 8 | V46: 9 | W46: 9 | X46: 6 | Y46: 8 | Z46: כן | AA46: בהליכה עם רצועה | AB46: 5 | AC46: 8 | AD46: 4 | AE46: 7 | AF46: 7 | AG46: 4 | AH46: =IF(COUNT(L46,P46)=2,P46-L46,"") -> -2 | AI46: =IF(COUNT(M46,Q46)=2,Q46-M46,"") -> -5 | AJ46: =IF(COUNT(N46,R46)=2,R46-N46,"") -> -3 | AK46: =IF(COUNT(O46,S46)=2,S46-O46,"") -> 7 | AL46: =IF(COUNT(AB46,AC46)=2,AC46-AB46,"") -> 3 | AM46: =IF(COUNT(AD46,AE46)=2,AE46-AD46,"") -> 3 | AN46: =IF(COUNT(F46,H46)=2,H46-F46,"") -> 0.41 | AO46: =IF(COUNT(E46,F46)=2,(F46-E46)/E46,"") -> 0.11111111 | AP46: =IF(COUNT(E46,H46)=2,(H46-E46)/E46,"") -> 0.13573574 | AQ46: =IF(COUNT(E46,G46)=2,(G46-E46)/E46,"")
A47: ABC | B47: 131 | C47: אישה | D47: CBA | E47: 13.19 | F47: 14.44 | H47: 15.12 | I47: =IF(COUNT(E47,F47)=2,F47-E47,"") -> 1.25 | J47: =IF(COUNT(E47,H47)=2,H47-E47,"") -> 1.93 | K47: =IF(COUNT(F47,G47)=2,F47-G47,"") | L47: 9 | M47: 9 | N47: 8 | O47: 1 | P47: 7 | Q47: 9 | R47: 9 | S47: 3 | T47: 9 | U47: 4 | V47: 6 | W47: 4 | X47: 7 | Y47: 9 | Z47: לא | AA47: בהליכה ללא רצועה | AB47: 9 | AC47: 7 | AD47: 9 | AE47: 6 | AF47: 9 | AG47: 5 | AH47: =IF(COUNT(L47,P47)=2,P47-L47,"") -> -2 | AI47: =IF(COUNT(M47,Q47)=2,Q47-M47,"") -> 0 | AJ47: =IF(COUNT(N47,R47)=2,R47-N47,"") -> 1 | AK47: =IF(COUNT(O47,S47)=2,S47-O47,"") -> 2 | AL47: =IF(COUNT(AB47,AC47)=2,AC47-AB47,"") -> -2 | AM47: =IF(COUNT(AD47,AE47)=2,AE47-AD47,"") -> -3 | AN47: =IF(COUNT(F47,H47)=2,H47-F47,"") -> 0.68 | AO47: =IF(COUNT(E47,F47)=2,(F47-E47)/E47,"") -> 0.094768764 | AP47: =IF(COUNT(E47,H47)=2,(H47-E47)/E47,"") -> 0.14632297 | AQ47: =IF(COUNT(E47,G47)=2,(G47-E47)/E47,"")
A48: ABC | B48: 132 | C48: אישה | D48: ABC | E48: 13.91 | F48: 14.9 | H48: 13.94 | I48: =IF(COUNT(E48,F48)=2,F48-E48,"") -> 0.99 | J48: =IF(COUNT(E48,H48)=2,H48-E48,"") -> 0.03 | K48: =IF(COUNT(F48,G48)=2,F48-G48,"") | L48: 9 | M48: 9 | N48: 9 | O48: 1 | P48: 9 | Q48: 9 | R48: 9 | S48: 1 | T48: 9 | U48: 9 | V48: 9 | W48: 9 | X48: 1 | Y48: 9 | Z48: לא | AA48: בהליכה עם רצועה | AB48: 9 | AC48: 9 | AD48: 9 | AE48: 9 | AF48: 9 | AG48: 9 | AH48: =IF(COUNT(L48,P48)=2,P48-L48,"") -> 0 | AI48: =IF(COUNT(M48,Q48)=2,Q48-M48,"") -> 0 | AJ48: =IF(COUNT(N48,R48)=2,R48-N48,"") -> 0 | AK48: =IF(COUNT(O48,S48)=2,S48-O48,"") -> 0 | AL48: =IF(COUNT(AB48,AC48)=2,AC48-AB48,"") -> 0 | AM48: =IF(COUNT(AD48,AE48)=2,AE48-AD48,"") -> 0 | AN48: =IF(COUNT(F48,H48)=2,H48-F48,"") -> -0.96 | AO48: =IF(COUNT(E48,F48)=2,(F48-E48)/E48,"") -> 0.071171819 | AP48: =IF(COUNT(E48,H48)=2,(H48-E48)/E48,"") -> 0.0021567218 | AQ48: =IF(COUNT(E48,G48)=2,(G48-E48)/E48,"")
A49: ABC | B49: 133 | C49: גבר | E49: 15.44 | F49: 15.78 | I49: =IF(COUNT(E49,F49)=2,F49-E49,"") -> 0.34 | J49: =IF(COUNT(E49,H49)=2,H49-E49,"") | K49: =IF(COUNT(F49,G49)=2,F49-G49,"") | L49: 8 | M49: 9 | N49: 8 | O49: 2 | P49: 8 | Q49: 9 | R49: 8 | S49: 2 | T49: 8 | U49: 1 | V49: 1 | W49: 1 | X49: 1 | Y49: 1 | AH49: =IF(COUNT(L49,P49)=2,P49-L49,"") -> 0 | AI49: =IF(COUNT(M49,Q49)=2,Q49-M49,"") -> 0 | AJ49: =IF(COUNT(N49,R49)=2,R49-N49,"") -> 0 | AK49: =IF(COUNT(O49,S49)=2,S49-O49,"") -> 0 | AL49: =IF(COUNT(AB49,AC49)=2,AC49-AB49,"") | AM49: =IF(COUNT(AD49,AE49)=2,AE49-AD49,"") | AN49: =IF(COUNT(F49,H49)=2,H49-F49,"") | AO49: =IF(COUNT(E49,F49)=2,(F49-E49)/E49,"") -> 0.022020725 | AP49: =IF(COUNT(E49,H49)=2,(H49-E49)/E49,"") | AQ49: =IF(COUNT(E49,G49)=2,(G49-E49)/E49,"")
A50: ABC | B50: 134 | C50: גבר | D50: ACB | E50: 20.5 | H50: 19.24 | I50: =IF(COUNT(E50,F50)=2,F50-E50,"") | J50: =IF(COUNT(E50,H50)=2,H50-E50,"") -> -1.26 | K50: =IF(COUNT(F50,G50)=2,F50-G50,"") | L50: 9 | M50: 9 | N50: 8 | O50: 2 | P50: 9 | Q50: 9 | R50: 7 | S50: 3 | T50: 9 | U50: 8 | V50: 8 | W50: 9 | X50: 1 | Y50: 9 | Z50: לא | AA50: בהליכה ללא רצועה | AB50: 8 | AC50: 9 | AD50: 9 | AE50: 8 | AF50: 9 | AG50: 2 | AH50: =IF(COUNT(L50,P50)=2,P50-L50,"") -> 0 | AI50: =IF(COUNT(M50,Q50)=2,Q50-M50,"") -> 0 | AJ50: =IF(COUNT(N50,R50)=2,R50-N50,"") -> -1 | AK50: =IF(COUNT(O50,S50)=2,S50-O50,"") -> 1 | AL50: =IF(COUNT(AB50,AC50)=2,AC50-AB50,"") -> 1 | AM50: =IF(COUNT(AD50,AE50)=2,AE50-AD50,"") -> -1 | AN50: =IF(COUNT(F50,H50)=2,H50-F50,"") | AO50: =IF(COUNT(E50,F50)=2,(F50-E50)/E50,"") | AP50: =IF(COUNT(E50,H50)=2,(H50-E50)/E50,"") -> -0.061463415 | AQ50: =IF(COUNT(E50,G50)=2,(G50-E50)/E50,"")
A51: ABC | B51: 135 | C51: גבר | D51: ABC | E51: 19.03 | F51: 17.59 | H51: 17.71 | I51: =IF(COUNT(E51,F51)=2,F51-E51,"") -> -1.44 | J51: =IF(COUNT(E51,H51)=2,H51-E51,"") -> -1.32 | K51: =IF(COUNT(F51,G51)=2,F51-G51,"") | L51: 8 | M51: 8 | N51: 9 | O51: 1 | P51: 9 | Q51: 7 | R51: 9 | S51: 6 | T51: 9 | U51: 9 | V51: 9 | W51: 8 | X51: 7 | Y51: 9 | Z51: לא | AA51: בהליכה עם רצועה | AB51: 9 | AC51: 9 | AD51: 8 | AE51: 9 | AF51: 9 | AG51: 9 | AH51: =IF(COUNT(L51,P51)=2,P51-L51,"") -> 1 | AI51: =IF(COUNT(M51,Q51)=2,Q51-M51,"") -> -1 | AJ51: =IF(COUNT(N51,R51)=2,R51-N51,"") -> 0 | AK51: =IF(COUNT(O51,S51)=2,S51-O51,"") -> 5 | AL51: =IF(COUNT(AB51,AC51)=2,AC51-AB51,"") -> 0 | AM51: =IF(COUNT(AD51,AE51)=2,AE51-AD51,"") -> 1 | AN51: =IF(COUNT(F51,H51)=2,H51-F51,"") -> 0.12 | AO51: =IF(COUNT(E51,F51)=2,(F51-E51)/E51,"") -> -0.075669995 | AP51: =IF(COUNT(E51,H51)=2,(H51-E51)/E51,"") -> -0.069364162 | AQ51: =IF(COUNT(E51,G51)=2,(G51-E51)/E51,"")
A52: ABC | B52: 136 | C52: גבר | D52: ACB | E52: 17.03 | F52: 18.72 | H52: 18.49 | I52: =IF(COUNT(E52,F52)=2,F52-E52,"") -> 1.69 | J52: =IF(COUNT(E52,H52)=2,H52-E52,"") -> 1.46 | K52: =IF(COUNT(F52,G52)=2,F52-G52,"") | L52: 9 | M52: 9 | N52: 9 | O52: 9 | P52: 7 | Q52: 7 | R52: 9 | S52: 7 | T52: 8 | Z52: כן | AA52: בהליכה עם רצועה | AB52: 6 | AC52: 7 | AD52: 2 | AE52: 5 | AF52: 7 | AG52: 1 | AH52: =IF(COUNT(L52,P52)=2,P52-L52,"") -> -2 | AI52: =IF(COUNT(M52,Q52)=2,Q52-M52,"") -> -2 | AJ52: =IF(COUNT(N52,R52)=2,R52-N52,"") -> 0 | AK52: =IF(COUNT(O52,S52)=2,S52-O52,"") -> -2 | AL52: =IF(COUNT(AB52,AC52)=2,AC52-AB52,"") -> 1 | AM52: =IF(COUNT(AD52,AE52)=2,AE52-AD52,"") -> 3 | AN52: =IF(COUNT(F52,H52)=2,H52-F52,"") -> -0.23 | AO52: =IF(COUNT(E52,F52)=2,(F52-E52)/E52,"") -> 0.099236641 | AP52: =IF(COUNT(E52,H52)=2,(H52-E52)/E52,"") -> 0.085731063 | AQ52: =IF(COUNT(E52,G52)=2,(G52-E52)/E52,"")
A53: ABC | B53: 137 | C53: אישה | D53: BAC | E53: 19.6 | F53: 29.47 | H53: 21.28 | I53: =IF(COUNT(E53,F53)=2,F53-E53,"") -> 9.87 | J53: =IF(COUNT(E53,H53)=2,H53-E53,"") -> 1.68 | K53: =IF(COUNT(F53,G53)=2,F53-G53,"") | L53: 8 | M53: 9 | N53: 9 | O53: 2 | P53: 7 | Q53: 6 | R53: 1 | S53: 9 | T53: 7 | U53: 7 | V53: 8 | W53: 7 | X53: 5 | Y53: 9 | Z53: כן | AA53: לא הרגשתי הבדל בין המצבים | AB53: 6 | AC53: 9 | AD53: 4 | AE53: 7 | AF53: 8 | AG53: 6 | AH53: =IF(COUNT(L53,P53)=2,P53-L53,"") -> -1 | AI53: =IF(COUNT(M53,Q53)=2,Q53-M53,"") -> -3 | AJ53: =IF(COUNT(N53,R53)=2,R53-N53,"") -> -8 | AK53: =IF(COUNT(O53,S53)=2,S53-O53,"") -> 7 | AL53: =IF(COUNT(AB53,AC53)=2,AC53-AB53,"") -> 3 | AM53: =IF(COUNT(AD53,AE53)=2,AE53-AD53,"") -> 3 | AN53: =IF(COUNT(F53,H53)=2,H53-F53,"") -> -8.19 | AO53: =IF(COUNT(E53,F53)=2,(F53-E53)/E53,"") -> 0.50357143 | AP53: =IF(COUNT(E53,H53)=2,(H53-E53)/E53,"") -> 0.085714286 | AQ53: =IF(COUNT(E53,G53)=2,(G53-E53)/E53,"")
A54: ABC | B54: 138 | C54: גבר | D54: BCA | E54: 11.36 | F54: 15.04 | H54: 12.28 | I54: =IF(COUNT(E54,F54)=2,F54-E54,"") -> 3.68 | J54: =IF(COUNT(E54,H54)=2,H54-E54,"") -> 0.92 | K54: =IF(COUNT(F54,G54)=2,F54-G54,"") | L54: 9 | M54: 9 | N54: 9 | O54: 1 | P54: 9 | Q54: 9 | R54: 7 | S54: 3 | T54: 9 | U54: 9 | V54: 9 | W54: 9 | X54: 1 | Y54: 9 | Z54: כן | AA54: בהליכה עם רצועה | AB54: 7 | AC54: 9 | AD54: 7 | AE54: 9 | AF54: 9 | AG54: 5 | AH54: =IF(COUNT(L54,P54)=2,P54-L54,"") -> 0 | AI54: =IF(COUNT(M54,Q54)=2,Q54-M54,"") -> 0 | AJ54: =IF(COUNT(N54,R54)=2,R54-N54,"") -> -2 | AK54: =IF(COUNT(O54,S54)=2,S54-O54,"") -> 2 | AL54: =IF(COUNT(AB54,AC54)=2,AC54-AB54,"") -> 2 | AM54: =IF(COUNT(AD54,AE54)=2,AE54-AD54,"") -> 2 | AN54: =IF(COUNT(F54,H54)=2,H54-F54,"") -> -2.76 | AO54: =IF(COUNT(E54,F54)=2,(F54-E54)/E54,"") -> 0.32394366 | AP54: =IF(COUNT(E54,H54)=2,(H54-E54)/E54,"") -> 0.080985915 | AQ54: =IF(COUNT(E54,G54)=2,(G54-E54)/E54,"")
A55: ABC | B55: 139 | C55: אישה | D55: CAB | E55: 19.01 | F55: 19.01 | H55: 20.31 | I55: =IF(COUNT(E55,F55)=2,F55-E55,"") -> 0 | J55: =IF(COUNT(E55,H55)=2,H55-E55,"") -> 1.3 | K55: =IF(COUNT(F55,G55)=2,F55-G55,"") | L55: 9 | M55: 9 | N55: 9 | O55: 1 | P55: 9 | Q55: 9 | R55: 9 | S55: 1 | T55: 9 | U55: 9 | V55: 9 | W55: 9 | X55: 8 | Y55: 9 | Z55: לא | AA55: בהליכה ללא רצועה | AB55: 9 | AC55: 6 | AD55: 9 | AE55: 4 | AF55: 9 | AG55: 9 | AH55: =IF(COUNT(L55,P55)=2,P55-L55,"") -> 0 | AI55: =IF(COUNT(M55,Q55)=2,Q55-M55,"") -> 0 | AJ55: =IF(COUNT(N55,R55)=2,R55-N55,"") -> 0 | AK55: =IF(COUNT(O55,S55)=2,S55-O55,"") -> 0 | AL55: =IF(COUNT(AB55,AC55)=2,AC55-AB55,"") -> -3 | AM55: =IF(COUNT(AD55,AE55)=2,AE55-AD55,"") -> -5 | AN55: =IF(COUNT(F55,H55)=2,H55-F55,"") -> 1.3 | AO55: =IF(COUNT(E55,F55)=2,(F55-E55)/E55,"") -> 0 | AP55: =IF(COUNT(E55,H55)=2,(H55-E55)/E55,"") -> 0.06838506 | AQ55: =IF(COUNT(E55,G55)=2,(G55-E55)/E55,"")
A56: ABC | B56: 140 | C56: אישה | D56: CBA | E56: 15.94 | F56: 18.88 | H56: 18.28 | I56: =IF(COUNT(E56,F56)=2,F56-E56,"") -> 2.94 | J56: =IF(COUNT(E56,H56)=2,H56-E56,"") -> 2.34 | K56: =IF(COUNT(F56,G56)=2,F56-G56,"") | L56: 7 | M56: 8 | N56: 8 | O56: 2 | P56: 6 | Q56: 8 | R56: 7 | S56: 8 | T56: 8 | U56: 6 | V56: 5 | W56: 5 | X56: 7 | Y56: 8 | Z56: לא | AA56: לא הרגשתי הבדל בין המצבים | AB56: 7 | AC56: 8 | AD56: 7 | AE56: 8 | AF56: 9 | AG56: 8 | AH56: =IF(COUNT(L56,P56)=2,P56-L56,"") -> -1 | AI56: =IF(COUNT(M56,Q56)=2,Q56-M56,"") -> 0 | AJ56: =IF(COUNT(N56,R56)=2,R56-N56,"") -> -1 | AK56: =IF(COUNT(O56,S56)=2,S56-O56,"") -> 6 | AL56: =IF(COUNT(AB56,AC56)=2,AC56-AB56,"") -> 1 | AM56: =IF(COUNT(AD56,AE56)=2,AE56-AD56,"") -> 1 | AN56: =IF(COUNT(F56,H56)=2,H56-F56,"") -> -0.6 | AO56: =IF(COUNT(E56,F56)=2,(F56-E56)/E56,"") -> 0.18444166 | AP56: =IF(COUNT(E56,H56)=2,(H56-E56)/E56,"") -> 0.1468005 | AQ56: =IF(COUNT(E56,G56)=2,(G56-E56)/E56,"")
A57: ABC | B57: 141 | C57: גבר | D57: CBA | E57: 14.68 | F57: 17.19 | H57: 15.34 | I57: =IF(COUNT(E57,F57)=2,F57-E57,"") -> 2.51 | J57: =IF(COUNT(E57,H57)=2,H57-E57,"") -> 0.66 | K57: =IF(COUNT(F57,G57)=2,F57-G57,"") | L57: 9 | M57: 9 | N57: 9 | O57: 1 | P57: 9 | Q57: 9 | R57: 8 | S57: 8 | T57: 9 | U57: 8 | V57: 9 | W57: 8 | X57: 8 | Y57: 9 | Z57: לא | AA57: לא הרגשתי הבדל בין המצבים | AB57: 9 | AC57: 9 | AD57: 8 | AE57: 9 | AF57: 7 | AG57: 7 | AH57: =IF(COUNT(L57,P57)=2,P57-L57,"") -> 0 | AI57: =IF(COUNT(M57,Q57)=2,Q57-M57,"") -> 0 | AJ57: =IF(COUNT(N57,R57)=2,R57-N57,"") -> -1 | AK57: =IF(COUNT(O57,S57)=2,S57-O57,"") -> 7 | AL57: =IF(COUNT(AB57,AC57)=2,AC57-AB57,"") -> 0 | AM57: =IF(COUNT(AD57,AE57)=2,AE57-AD57,"") -> 1 | AN57: =IF(COUNT(F57,H57)=2,H57-F57,"") -> -1.85 | AO57: =IF(COUNT(E57,F57)=2,(F57-E57)/E57,"") -> 0.17098093 | AP57: =IF(COUNT(E57,H57)=2,(H57-E57)/E57,"") -> 0.044959128 | AQ57: =IF(COUNT(E57,G57)=2,(G57-E57)/E57,"")
A58: ABC | B58: 142 | C58: גבר | D58: CAB | E58: 15.31 | F58: 16.85 | H58: 19.06 | I58: =IF(COUNT(E58,F58)=2,F58-E58,"") -> 1.54 | J58: =IF(COUNT(E58,H58)=2,H58-E58,"") -> 3.75 | K58: =IF(COUNT(F58,G58)=2,F58-G58,"") | L58: 9 | M58: 9 | N58: 9 | O58: 1 | P58: 8 | Q58: 8 | R58: 9 | S58: 2 | T58: 8 | U58: 4 | V58: 4 | W58: 7 | X58: 4 | Y58: 7 | Z58: לא | AA58: בהליכה ללא רצועה | AB58: 8 | AC58: 4 | AD58: 8 | AE58: 5 | AF58: 7 | AG58: 5 | AH58: =IF(COUNT(L58,P58)=2,P58-L58,"") -> -1 | AI58: =IF(COUNT(M58,Q58)=2,Q58-M58,"") -> -1 | AJ58: =IF(COUNT(N58,R58)=2,R58-N58,"") -> 0 | AK58: =IF(COUNT(O58,S58)=2,S58-O58,"") -> 1 | AL58: =IF(COUNT(AB58,AC58)=2,AC58-AB58,"") -> -4 | AM58: =IF(COUNT(AD58,AE58)=2,AE58-AD58,"") -> -3 | AN58: =IF(COUNT(F58,H58)=2,H58-F58,"") -> 2.21 | AO58: =IF(COUNT(E58,F58)=2,(F58-E58)/E58,"") -> 0.10058785 | AP58: =IF(COUNT(E58,H58)=2,(H58-E58)/E58,"") -> 0.24493795 | AQ58: =IF(COUNT(E58,G58)=2,(G58-E58)/E58,"")
A59: ABC | B59: 143 | C59: גבר | D59: ABC | E59: 12.54 | F59: 14.87 | H59: 14.4 | I59: =IF(COUNT(E59,F59)=2,F59-E59,"") -> 2.33 | J59: =IF(COUNT(E59,H59)=2,H59-E59,"") -> 1.86 | K59: =IF(COUNT(F59,G59)=2,F59-G59,"") | L59: 9 | M59: 1 | N59: 9 | O59: 1 | P59: 9 | Q59: 1 | R59: 9 | S59: 1 | T59: 5 | U59: 9 | V59: 1 | W59: 9 | X59: 1 | Y59: 7 | Z59: לא | AA59: בהליכה עם רצועה | AB59: 4 | AC59: 6 | AD59: 5 | AE59: 7 | AF59: 7 | AG59: 8 | AH59: =IF(COUNT(L59,P59)=2,P59-L59,"") -> 0 | AI59: =IF(COUNT(M59,Q59)=2,Q59-M59,"") -> 0 | AJ59: =IF(COUNT(N59,R59)=2,R59-N59,"") -> 0 | AK59: =IF(COUNT(O59,S59)=2,S59-O59,"") -> 0 | AL59: =IF(COUNT(AB59,AC59)=2,AC59-AB59,"") -> 2 | AM59: =IF(COUNT(AD59,AE59)=2,AE59-AD59,"") -> 2 | AN59: =IF(COUNT(F59,H59)=2,H59-F59,"") -> -0.47 | AO59: =IF(COUNT(E59,F59)=2,(F59-E59)/E59,"") -> 0.18580542 | AP59: =IF(COUNT(E59,H59)=2,(H59-E59)/E59,"") -> 0.14832536 | AQ59: =IF(COUNT(E59,G59)=2,(G59-E59)/E59,"")
A60: ABC | B60: 144 | C60: גבר | D60: ABC | E60: 13.32 | F60: 14.97 | H60: 15.28 | I60: =IF(COUNT(E60,F60)=2,F60-E60,"") -> 1.65 | J60: =IF(COUNT(E60,H60)=2,H60-E60,"") -> 1.96 | K60: =IF(COUNT(F60,G60)=2,F60-G60,"") | L60: 9 | M60: 9 | N60: 9 | O60: 1 | P60: 9 | Q60: 7 | R60: 8 | S60: 7 | T60: 9 | U60: 9 | V60: 9 | W60: 8 | X60: 2 | Y60: 9 | Z60: כן | AA60: בהליכה עם רצועה | AB60: 8 | AC60: 9 | AD60: 8 | AE60: 9 | AF60: 9 | AG60: 8 | AH60: =IF(COUNT(L60,P60)=2,P60-L60,"") -> 0 | AI60: =IF(COUNT(M60,Q60)=2,Q60-M60,"") -> -2 | AJ60: =IF(COUNT(N60,R60)=2,R60-N60,"") -> -1 | AK60: =IF(COUNT(O60,S60)=2,S60-O60,"") -> 6 | AL60: =IF(COUNT(AB60,AC60)=2,AC60-AB60,"") -> 1 | AM60: =IF(COUNT(AD60,AE60)=2,AE60-AD60,"") -> 1 | AN60: =IF(COUNT(F60,H60)=2,H60-F60,"") -> 0.31 | AO60: =IF(COUNT(E60,F60)=2,(F60-E60)/E60,"") -> 0.12387387 | AP60: =IF(COUNT(E60,H60)=2,(H60-E60)/E60,"") -> 0.14714715 | AQ60: =IF(COUNT(E60,G60)=2,(G60-E60)/E60,"")
A61: ABC | B61: 145 | C61: אישה | E61: 13.88 | F61: 13.44 | H61: 13.5 | I61: =IF(COUNT(E61,F61)=2,F61-E61,"") -> -0.44 | J61: =IF(COUNT(E61,H61)=2,H61-E61,"") -> -0.38 | K61: =IF(COUNT(F61,G61)=2,F61-G61,"") | L61: 9 | M61: 9 | N61: 9 | O61: 1 | P61: 9 | Q61: 9 | R61: 8 | S61: 1 | T61: 8 | U61: 9 | V61: 9 | W61: 9 | X61: 1 | Y61: 7 | Z61: כן | AA61: בהליכה עם רצועה | AB61: 7 | AC61: 8 | AD61: 6 | AE61: 8 | AF61: 9 | AG61: 8 | AH61: =IF(COUNT(L61,P61)=2,P61-L61,"") -> 0 | AI61: =IF(COUNT(M61,Q61)=2,Q61-M61,"") -> 0 | AJ61: =IF(COUNT(N61,R61)=2,R61-N61,"") -> -1 | AK61: =IF(COUNT(O61,S61)=2,S61-O61,"") -> 0 | AL61: =IF(COUNT(AB61,AC61)=2,AC61-AB61,"") -> 1 | AM61: =IF(COUNT(AD61,AE61)=2,AE61-AD61,"") -> 2 | AN61: =IF(COUNT(F61,H61)=2,H61-F61,"") -> 0.06 | AO61: =IF(COUNT(E61,F61)=2,(F61-E61)/E61,"") -> -0.031700288 | AP61: =IF(COUNT(E61,H61)=2,(H61-E61)/E61,"") -> -0.027377522 | AQ61: =IF(COUNT(E61,G61)=2,(G61-E61)/E61,"")
A62: ABC | B62: 146 | C62: גבר | D62: ACB | E62: 13.66 | F62: 13.75 | H62: 14.13 | I62: =IF(COUNT(E62,F62)=2,F62-E62,"") -> 0.09 | J62: =IF(COUNT(E62,H62)=2,H62-E62,"") -> 0.47 | K62: =IF(COUNT(F62,G62)=2,F62-G62,"") | L62: 9 | M62: 9 | N62: 9 | O62: 2 | P62: 8 | Q62: 8 | R62: 8 | S62: 1 | T62: 7 | U62: 8 | V62: 7 | W62: 8 | X62: 7 | Y62: 7 | Z62: לא | AA62: בהליכה עם רצועה | AB62: 6 | AC62: 6 | AD62: 7 | AE62: 7 | AF62: 7 | AG62: 5 | AH62: =IF(COUNT(L62,P62)=2,P62-L62,"") -> -1 | AI62: =IF(COUNT(M62,Q62)=2,Q62-M62,"") -> -1 | AJ62: =IF(COUNT(N62,R62)=2,R62-N62,"") -> -1 | AK62: =IF(COUNT(O62,S62)=2,S62-O62,"") -> -1 | AL62: =IF(COUNT(AB62,AC62)=2,AC62-AB62,"") -> 0 | AM62: =IF(COUNT(AD62,AE62)=2,AE62-AD62,"") -> 0 | AN62: =IF(COUNT(F62,H62)=2,H62-F62,"") -> 0.38 | AO62: =IF(COUNT(E62,F62)=2,(F62-E62)/E62,"") -> 0.0065885798 | AP62: =IF(COUNT(E62,H62)=2,(H62-E62)/E62,"") -> 0.034407028 | AQ62: =IF(COUNT(E62,G62)=2,(G62-E62)/E62,"")
A63: ABC | B63: 147 | C63: גבר | D63: BAC | E63: 20.09 | F63: 18.09 | H63: 18.09 | I63: =IF(COUNT(E63,F63)=2,F63-E63,"") -> -2 | J63: =IF(COUNT(E63,H63)=2,H63-E63,"") -> -2 | K63: =IF(COUNT(F63,G63)=2,F63-G63,"") | L63: 7 | M63: 8 | N63: 7 | O63: 2 | P63: 8 | Q63: 9 | R63: 9 | S63: 1 | T63: 8 | U63: 8 | V63: 9 | W63: 9 | X63: 4 | Y63: 9 | Z63: לא | AA63: בהליכה ללא רצועה | AB63: 8 | AC63: 5 | AD63: 3 | AE63: 4 | AF63: 5 | AG63: 5 | AH63: =IF(COUNT(L63,P63)=2,P63-L63,"") -> 1 | AI63: =IF(COUNT(M63,Q63)=2,Q63-M63,"") -> 1 | AJ63: =IF(COUNT(N63,R63)=2,R63-N63,"") -> 2 | AK63: =IF(COUNT(O63,S63)=2,S63-O63,"") -> -1 | AL63: =IF(COUNT(AB63,AC63)=2,AC63-AB63,"") -> -3 | AM63: =IF(COUNT(AD63,AE63)=2,AE63-AD63,"") -> 1 | AN63: =IF(COUNT(F63,H63)=2,H63-F63,"") -> 0 | AO63: =IF(COUNT(E63,F63)=2,(F63-E63)/E63,"") -> -0.099552016 | AP63: =IF(COUNT(E63,H63)=2,(H63-E63)/E63,"") -> -0.099552016 | AQ63: =IF(COUNT(E63,G63)=2,(G63-E63)/E63,"")
A64: ABC | B64: 148 | C64: גבר | D64: BAC | E64: 13.75 | F64: 15.72 | H64: 14.88 | I64: =IF(COUNT(E64,F64)=2,F64-E64,"") -> 1.97 | J64: =IF(COUNT(E64,H64)=2,H64-E64,"") -> 1.13 | K64: =IF(COUNT(F64,G64)=2,F64-G64,"") | L64: 9 | M64: 8 | N64: 9 | O64: 4 | P64: 7 | Q64: 8 | R64: 6 | S64: 7 | T64: 8 | U64: 8 | V64: 8 | W64: 8 | X64: 5 | Y64: 8 | Z64: לא | AA64: בהליכה עם רצועה | AB64: 6 | AC64: 7 | AD64: 6 | AE64: 7 | AF64: 7 | AG64: 5 | AH64: =IF(COUNT(L64,P64)=2,P64-L64,"") -> -2 | AI64: =IF(COUNT(M64,Q64)=2,Q64-M64,"") -> 0 | AJ64: =IF(COUNT(N64,R64)=2,R64-N64,"") -> -3 | AK64: =IF(COUNT(O64,S64)=2,S64-O64,"") -> 3 | AL64: =IF(COUNT(AB64,AC64)=2,AC64-AB64,"") -> 1 | AM64: =IF(COUNT(AD64,AE64)=2,AE64-AD64,"") -> 1 | AN64: =IF(COUNT(F64,H64)=2,H64-F64,"") -> -0.84 | AO64: =IF(COUNT(E64,F64)=2,(F64-E64)/E64,"") -> 0.14327273 | AP64: =IF(COUNT(E64,H64)=2,(H64-E64)/E64,"") -> 0.082181818 | AQ64: =IF(COUNT(E64,G64)=2,(G64-E64)/E64,"")
A65: ABC | B65: 149 | C65: אישה | E65: 13.4 | F65: 14.81 | H65: 16.07 | I65: =IF(COUNT(E65,F65)=2,F65-E65,"") -> 1.41 | J65: =IF(COUNT(E65,H65)=2,H65-E65,"") -> 2.67 | K65: =IF(COUNT(F65,G65)=2,F65-G65,"") | L65: 9 | M65: 9 | N65: 9 | O65: 1 | P65: 8 | Q65: 8 | R65: 9 | S65: 1 | T65: 8 | U65: 7 | V65: 6 | W65: 5 | X65: 7 | Y65: 7 | AH65: =IF(COUNT(L65,P65)=2,P65-L65,"") -> -1 | AI65: =IF(COUNT(M65,Q65)=2,Q65-M65,"") -> -1 | AJ65: =IF(COUNT(N65,R65)=2,R65-N65,"") -> 0 | AK65: =IF(COUNT(O65,S65)=2,S65-O65,"") -> 0 | AL65: =IF(COUNT(AB65,AC65)=2,AC65-AB65,"") | AM65: =IF(COUNT(AD65,AE65)=2,AE65-AD65,"") | AN65: =IF(COUNT(F65,H65)=2,H65-F65,"") -> 1.26 | AO65: =IF(COUNT(E65,F65)=2,(F65-E65)/E65,"") -> 0.10522388 | AP65: =IF(COUNT(E65,H65)=2,(H65-E65)/E65,"") -> 0.19925373 | AQ65: =IF(COUNT(E65,G65)=2,(G65-E65)/E65,"")
A66: ABC | B66: 150 | C66: גבר | D66: CAB | E66: 14.84 | F66: 14.72 | H66: 16.35 | I66: =IF(COUNT(E66,F66)=2,F66-E66,"") -> -0.12 | J66: =IF(COUNT(E66,H66)=2,H66-E66,"") -> 1.51 | K66: =IF(COUNT(F66,G66)=2,F66-G66,"") | L66: 9 | M66: 9 | N66: 9 | O66: 2 | P66: 7 | Q66: 8 | R66: 9 | S66: 1 | T66: 7 | U66: 8 | V66: 9 | W66: 9 | X66: 2 | Y66: 9 | Z66: כן | AA66: בהליכה ללא רצועה | AB66: 8 | AC66: 6 | AD66: 8 | AE66: 8 | AF66: 6 | AG66: 3 | AH66: =IF(COUNT(L66,P66)=2,P66-L66,"") -> -2 | AI66: =IF(COUNT(M66,Q66)=2,Q66-M66,"") -> -1 | AJ66: =IF(COUNT(N66,R66)=2,R66-N66,"") -> 0 | AK66: =IF(COUNT(O66,S66)=2,S66-O66,"") -> -1 | AL66: =IF(COUNT(AB66,AC66)=2,AC66-AB66,"") -> -2 | AM66: =IF(COUNT(AD66,AE66)=2,AE66-AD66,"") -> 0 | AN66: =IF(COUNT(F66,H66)=2,H66-F66,"") -> 1.63 | AO66: =IF(COUNT(E66,F66)=2,(F66-E66)/E66,"") -> -0.0080862534 | AP66: =IF(COUNT(E66,H66)=2,(H66-E66)/E66,"") -> 0.10175202 | AQ66: =IF(COUNT(E66,G66)=2,(G66-E66)/E66,"")
A67: ABC | B67: 151 | C67: אישה | D67: BAC | E67: 22.16 | F67: 20.75 | H67: 22.5 | I67: =IF(COUNT(E67,F67)=2,F67-E67,"") -> -1.41 | J67: =IF(COUNT(E67,H67)=2,H67-E67,"") -> 0.34 | K67: =IF(COUNT(F67,G67)=2,F67-G67,"") | L67: 9 | M67: 9 | N67: 9 | O67: 1 | P67: 9 | Q67: 9 | R67: 9 | S67: 1 | T67: 9 | U67: 9 | V67: 9 | W67: 7 | X67: 8 | Y67: 9 | Z67: לא | AA67: בהליכה ללא רצועה | AB67: 9 | AC67: 8 | AD67: 9 | AE67: 8 | AF67: 7 | AG67: 6 | AH67: =IF(COUNT(L67,P67)=2,P67-L67,"") -> 0 | AI67: =IF(COUNT(M67,Q67)=2,Q67-M67,"") -> 0 | AJ67: =IF(COUNT(N67,R67)=2,R67-N67,"") -> 0 | AK67: =IF(COUNT(O67,S67)=2,S67-O67,"") -> 0 | AL67: =IF(COUNT(AB67,AC67)=2,AC67-AB67,"") -> -1 | AM67: =IF(COUNT(AD67,AE67)=2,AE67-AD67,"") -> -1 | AN67: =IF(COUNT(F67,H67)=2,H67-F67,"") -> 1.75 | AO67: =IF(COUNT(E67,F67)=2,(F67-E67)/E67,"") -> -0.063628159 | AP67: =IF(COUNT(E67,H67)=2,(H67-E67)/E67,"") -> 0.01534296 | AQ67: =IF(COUNT(E67,G67)=2,(G67-E67)/E67,"")
A68: ABC | B68: 152 | C68: אישה | D68: BCA | E68: 16.78 | F68: 18.28 | H68: 17.47 | I68: =IF(COUNT(E68,F68)=2,F68-E68,"") -> 1.5 | J68: =IF(COUNT(E68,H68)=2,H68-E68,"") -> 0.69 | K68: =IF(COUNT(F68,G68)=2,F68-G68,"") | L68: 9 | M68: 9 | N68: 9 | O68: 1 | P68: 7 | Q68: 9 | R68: 7 | S68: 7 | T68: 9 | U68: 8 | V68: 9 | W68: 8 | X68: 2 | Y68: 9 | Z68: לא | AA68: בהליכה עם רצועה | AB68: 8 | AC68: 9 | AD68: 7 | AE68: 8 | AF68: 8 | AG68: 8 | AH68: =IF(COUNT(L68,P68)=2,P68-L68,"") -> -2 | AI68: =IF(COUNT(M68,Q68)=2,Q68-M68,"") -> 0 | AJ68: =IF(COUNT(N68,R68)=2,R68-N68,"") -> -2 | AK68: =IF(COUNT(O68,S68)=2,S68-O68,"") -> 6 | AL68: =IF(COUNT(AB68,AC68)=2,AC68-AB68,"") -> 1 | AM68: =IF(COUNT(AD68,AE68)=2,AE68-AD68,"") -> 1 | AN68: =IF(COUNT(F68,H68)=2,H68-F68,"") -> -0.81 | AO68: =IF(COUNT(E68,F68)=2,(F68-E68)/E68,"") -> 0.089392133 | AP68: =IF(COUNT(E68,H68)=2,(H68-E68)/E68,"") -> 0.041120381 | AQ68: =IF(COUNT(E68,G68)=2,(G68-E68)/E68,"")
A69: ABC | B69: 153 | C69: גבר | D69: CBA | E69: 13.75 | F69: 14.34 | H69: 15.94 | I69: =IF(COUNT(E69,F69)=2,F69-E69,"") -> 0.59 | J69: =IF(COUNT(E69,H69)=2,H69-E69,"") -> 2.19 | K69: =IF(COUNT(F69,G69)=2,F69-G69,"") | L69: 8 | M69: 8 | N69: 8 | O69: 3 | P69: 7 | Q69: 7 | R69: 7 | S69: 5 | T69: 7 | U69: 5 | V69: 6 | W69: 4 | X69: 7 | Y69: 6 | Z69: כן | AA69: אף פעם לא הרגשתי שהוא שותף להליכה | AB69: 7 | AC69: 6 | AD69: 7 | AE69: 5 | AF69: 7 | AG69: 6 | AH69: =IF(COUNT(L69,P69)=2,P69-L69,"") -> -1 | AI69: =IF(COUNT(M69,Q69)=2,Q69-M69,"") -> -1 | AJ69: =IF(COUNT(N69,R69)=2,R69-N69,"") -> -1 | AK69: =IF(COUNT(O69,S69)=2,S69-O69,"") -> 2 | AL69: =IF(COUNT(AB69,AC69)=2,AC69-AB69,"") -> -1 | AM69: =IF(COUNT(AD69,AE69)=2,AE69-AD69,"") -> -2 | AN69: =IF(COUNT(F69,H69)=2,H69-F69,"") -> 1.6 | AO69: =IF(COUNT(E69,F69)=2,(F69-E69)/E69,"") -> 0.042909091 | AP69: =IF(COUNT(E69,H69)=2,(H69-E69)/E69,"") -> 0.15927273 | AQ69: =IF(COUNT(E69,G69)=2,(G69-E69)/E69,"")
A70: ABC | B70: 154 | C70: גבר | D70: CAB | E70: 13.04 | H70: 16.63 | I70: =IF(COUNT(E70,F70)=2,F70-E70,"") | J70: =IF(COUNT(E70,H70)=2,H70-E70,"") -> 3.59 | K70: =IF(COUNT(F70,G70)=2,F70-G70,"") | L70: 9 | M70: 9 | N70: 8 | O70: 2 | P70: 1 | Q70: 1 | R70: 1 | S70: 1 | T70: 1 | U70: 7 | V70: 6 | W70: 7 | X70: 4 | Y70: 7 | Z70: כן | AA70: בהליכה עם רצועה | AB70: 4 | AC70: 7 | AD70: 7 | AE70: 3 | AF70: 7 | AG70: 6 | AH70: =IF(COUNT(L70,P70)=2,P70-L70,"") -> -8 | AI70: =IF(COUNT(M70,Q70)=2,Q70-M70,"") -> -8 | AJ70: =IF(COUNT(N70,R70)=2,R70-N70,"") -> -7 | AK70: =IF(COUNT(O70,S70)=2,S70-O70,"") -> -1 | AL70: =IF(COUNT(AB70,AC70)=2,AC70-AB70,"") -> 3 | AM70: =IF(COUNT(AD70,AE70)=2,AE70-AD70,"") -> -4 | AN70: =IF(COUNT(F70,H70)=2,H70-F70,"") | AO70: =IF(COUNT(E70,F70)=2,(F70-E70)/E70,"") | AP70: =IF(COUNT(E70,H70)=2,(H70-E70)/E70,"") -> 0.27530675 | AQ70: =IF(COUNT(E70,G70)=2,(G70-E70)/E70,"")
A71: ABC | B71: 155 | C71: גבר | D71: CBA | E71: 16.64 | F71: 15.28 | H71: 16.53 | I71: =IF(COUNT(E71,F71)=2,F71-E71,"") -> -1.36 | J71: =IF(COUNT(E71,H71)=2,H71-E71,"") -> -0.11 | K71: =IF(COUNT(F71,G71)=2,F71-G71,"") | L71: 9 | M71: 9 | N71: 9 | O71: 8 | P71: 8 | Q71: 7 | R71: 8 | S71: 2 | T71: 8 | U71: 7 | V71: 8 | W71: 8 | X71: 2 | Y71: 7 | Z71: לא | AA71: בהליכה עם רצועה | AB71: 7 | AC71: 8 | AD71: 7 | AE71: 8 | AF71: 9 | AG71: 8 | AH71: =IF(COUNT(L71,P71)=2,P71-L71,"") -> -1 | AI71: =IF(COUNT(M71,Q71)=2,Q71-M71,"") -> -2 | AJ71: =IF(COUNT(N71,R71)=2,R71-N71,"") -> -1 | AK71: =IF(COUNT(O71,S71)=2,S71-O71,"") -> -6 | AL71: =IF(COUNT(AB71,AC71)=2,AC71-AB71,"") -> 1 | AM71: =IF(COUNT(AD71,AE71)=2,AE71-AD71,"") -> 1 | AN71: =IF(COUNT(F71,H71)=2,H71-F71,"") -> 1.25 | AO71: =IF(COUNT(E71,F71)=2,(F71-E71)/E71,"") -> -0.081730769 | AP71: =IF(COUNT(E71,H71)=2,(H71-E71)/E71,"") -> -0.0066105769 | AQ71: =IF(COUNT(E71,G71)=2,(G71-E71)/E71,"")
A72: ABC | B72: 156 | C72: גבר | D72: ABC | E72: 15.96 | F72: 21.15 | H72: 17.35 | I72: =IF(COUNT(E72,F72)=2,F72-E72,"") -> 5.19 | J72: =IF(COUNT(E72,H72)=2,H72-E72,"") -> 1.39 | K72: =IF(COUNT(F72,G72)=2,F72-G72,"") | L72: 8 | M72: 9 | N72: 8 | O72: 2 | P72: 4 | Q72: 6 | R72: 3 | S72: 7 | T72: 5 | U72: 6 | V72: 7 | W72: 7 | X72: 3 | Y72: 7 | Z72: כן | AA72: בהליכה עם רצועה | AB72: 5 | AC72: 7 | AD72: 4 | AE72: 7 | AF72: 7 | AG72: 4 | AH72: =IF(COUNT(L72,P72)=2,P72-L72,"") -> -4 | AI72: =IF(COUNT(M72,Q72)=2,Q72-M72,"") -> -3 | AJ72: =IF(COUNT(N72,R72)=2,R72-N72,"") -> -5 | AK72: =IF(COUNT(O72,S72)=2,S72-O72,"") -> 5 | AL72: =IF(COUNT(AB72,AC72)=2,AC72-AB72,"") -> 2 | AM72: =IF(COUNT(AD72,AE72)=2,AE72-AD72,"") -> 3 | AN72: =IF(COUNT(F72,H72)=2,H72-F72,"") -> -3.8 | AO72: =IF(COUNT(E72,F72)=2,(F72-E72)/E72,"") -> 0.32518797 | AP72: =IF(COUNT(E72,H72)=2,(H72-E72)/E72,"") -> 0.087092732 | AQ72: =IF(COUNT(E72,G72)=2,(G72-E72)/E72,"")
A73: ABC | B73: 157 | C73: גבר | D73: CBA | E73: 14.33 | F73: 15.43 | H73: 17.46 | I73: =IF(COUNT(E73,F73)=2,F73-E73,"") -> 1.1 | J73: =IF(COUNT(E73,H73)=2,H73-E73,"") -> 3.13 | K73: =IF(COUNT(F73,G73)=2,F73-G73,"") | L73: 9 | M73: 8 | N73: 9 | O73: 1 | P73: 6 | Q73: 8 | R73: 7 | S73: 3 | T73: 7 | U73: 6 | V73: 8 | W73: 7 | X73: 4 | Y73: 7 | Z73: לא | AA73: בהליכה ללא רצועה | AB73: 7 | AC73: 6 | AD73: 6 | AE73: 5 | AF73: 7 | AG73: 3 | AH73: =IF(COUNT(L73,P73)=2,P73-L73,"") -> -3 | AI73: =IF(COUNT(M73,Q73)=2,Q73-M73,"") -> 0 | AJ73: =IF(COUNT(N73,R73)=2,R73-N73,"") -> -2 | AK73: =IF(COUNT(O73,S73)=2,S73-O73,"") -> 2 | AL73: =IF(COUNT(AB73,AC73)=2,AC73-AB73,"") -> -1 | AM73: =IF(COUNT(AD73,AE73)=2,AE73-AD73,"") -> -1 | AN73: =IF(COUNT(F73,H73)=2,H73-F73,"") -> 2.03 | AO73: =IF(COUNT(E73,F73)=2,(F73-E73)/E73,"") -> 0.076762038 | AP73: =IF(COUNT(E73,H73)=2,(H73-E73)/E73,"") -> 0.21842289 | AQ73: =IF(COUNT(E73,G73)=2,(G73-E73)/E73,"")
A74: ABC | B74: 158 | C74: אישה | D74: ABC | E74: 12.58 | F74: 14.75 | H74: 14.56 | I74: =IF(COUNT(E74,F74)=2,F74-E74,"") -> 2.17 | J74: =IF(COUNT(E74,H74)=2,H74-E74,"") -> 1.98 | K74: =IF(COUNT(F74,G74)=2,F74-G74,"") | L74: 7 | M74: 9 | N74: 9 | O74: 2 | P74: 7 | Q74: 9 | R74: 7 | S74: 3 | T74: 9 | U74: 8 | V74: 9 | W74: 7 | X74: 4 | Y74: 9 | Z74: לא | AA74: בהליכה עם רצועה | AB74: 8 | AC74: 7 | AD74: 8 | AE74: 8 | AF74: 9 | AG74: 9 | AH74: =IF(COUNT(L74,P74)=2,P74-L74,"") -> 0 | AI74: =IF(COUNT(M74,Q74)=2,Q74-M74,"") -> 0 | AJ74: =IF(COUNT(N74,R74)=2,R74-N74,"") -> -2 | AK74: =IF(COUNT(O74,S74)=2,S74-O74,"") -> 1 | AL74: =IF(COUNT(AB74,AC74)=2,AC74-AB74,"") -> -1 | AM74: =IF(COUNT(AD74,AE74)=2,AE74-AD74,"") -> 0 | AN74: =IF(COUNT(F74,H74)=2,H74-F74,"") -> -0.19 | AO74: =IF(COUNT(E74,F74)=2,(F74-E74)/E74,"") -> 0.17249603 | AP74: =IF(COUNT(E74,H74)=2,(H74-E74)/E74,"") -> 0.15739269 | AQ74: =IF(COUNT(E74,G74)=2,(G74-E74)/E74,"")
A75: ABC | B75: 159 | C75: אישה | D75: BAC | E75: 13.78 | F75: 14.87 | H75: 16.06 | I75: =IF(COUNT(E75,F75)=2,F75-E75,"") -> 1.09 | J75: =IF(COUNT(E75,H75)=2,H75-E75,"") -> 2.28 | K75: =IF(COUNT(F75,G75)=2,F75-G75,"") | L75: 9 | M75: 9 | N75: 8 | O75: 1 | P75: 9 | Q75: 9 | R75: 8 | S75: 1 | T75: 7 | U75: 8 | V75: 8 | W75: 8 | X75: 2 | Y75: 6 | Z75: כן | AA75: לא הרגשתי הבדל בין המצבים | AB75: 8 | AC75: 6 | AD75: 6 | AE75: 6 | AF75: 6 | AG75: 2 | AH75: =IF(COUNT(L75,P75)=2,P75-L75,"") -> 0 | AI75: =IF(COUNT(M75,Q75)=2,Q75-M75,"") -> 0 | AJ75: =IF(COUNT(N75,R75)=2,R75-N75,"") -> 0 | AK75: =IF(COUNT(O75,S75)=2,S75-O75,"") -> 0 | AL75: =IF(COUNT(AB75,AC75)=2,AC75-AB75,"") -> -2 | AM75: =IF(COUNT(AD75,AE75)=2,AE75-AD75,"") -> 0 | AN75: =IF(COUNT(F75,H75)=2,H75-F75,"") -> 1.19 | AO75: =IF(COUNT(E75,F75)=2,(F75-E75)/E75,"") -> 0.079100145 | AP75: =IF(COUNT(E75,H75)=2,(H75-E75)/E75,"") -> 0.16545718 | AQ75: =IF(COUNT(E75,G75)=2,(G75-E75)/E75,"")
A76: ABC | B76: 160 | C76: אישה | D76: BCA | E76: 12.54 | F76: 14.53 | H76: 13.62 | I76: =IF(COUNT(E76,F76)=2,F76-E76,"") -> 1.99 | J76: =IF(COUNT(E76,H76)=2,H76-E76,"") -> 1.08 | K76: =IF(COUNT(F76,G76)=2,F76-G76,"") | L76: 9 | M76: 9 | N76: 9 | O76: 1 | P76: 9 | Q76: 9 | R76: 9 | S76: 1 | T76: 9 | U76: 8 | V76: 9 | W76: 9 | X76: 1 | Y76: 9 | Z76: כן | AA76: בהליכה ללא רצועה | AB76: 9 | AC76: 8 | AD76: 9 | AE76: 8 | AF76: 9 | AG76: 9 | AH76: =IF(COUNT(L76,P76)=2,P76-L76,"") -> 0 | AI76: =IF(COUNT(M76,Q76)=2,Q76-M76,"") -> 0 | AJ76: =IF(COUNT(N76,R76)=2,R76-N76,"") -> 0 | AK76: =IF(COUNT(O76,S76)=2,S76-O76,"") -> 0 | AL76: =IF(COUNT(AB76,AC76)=2,AC76-AB76,"") -> -1 | AM76: =IF(COUNT(AD76,AE76)=2,AE76-AD76,"") -> -1 | AN76: =IF(COUNT(F76,H76)=2,H76-F76,"") -> -0.91 | AO76: =IF(COUNT(E76,F76)=2,(F76-E76)/E76,"") -> 0.15869219 | AP76: =IF(COUNT(E76,H76)=2,(H76-E76)/E76,"") -> 0.086124402 | AQ76: =IF(COUNT(E76,G76)=2,(G76-E76)/E76,"")
A77: ABC | B77: 161 | C77: גבר | D77: CAB | E77: 13.53 | F77: 13.19 | H77: 13.75 | I77: =IF(COUNT(E77,F77)=2,F77-E77,"") -> -0.34 | J77: =IF(COUNT(E77,H77)=2,H77-E77,"") -> 0.22 | K77: =IF(COUNT(F77,G77)=2,F77-G77,"") | L77: 9 | M77: 9 | N77: 9 | O77: 1 | P77: 9 | Q77: 9 | R77: 9 | S77: 1 | T77: 9 | U77: 9 | V77: 9 | W77: 9 | X77: 1 | Y77: 9 | Z77: לא | AA77: בהליכה עם רצועה | AB77: 7 | AC77: 9 | AD77: 3 | AE77: 9 | AF77: 6 | AG77: 5 | AH77: =IF(COUNT(L77,P77)=2,P77-L77,"") -> 0 | AI77: =IF(COUNT(M77,Q77)=2,Q77-M77,"") -> 0 | AJ77: =IF(COUNT(N77,R77)=2,R77-N77,"") -> 0 | AK77: =IF(COUNT(O77,S77)=2,S77-O77,"") -> 0 | AL77: =IF(COUNT(AB77,AC77)=2,AC77-AB77,"") -> 2 | AM77: =IF(COUNT(AD77,AE77)=2,AE77-AD77,"") -> 6 | AN77: =IF(COUNT(F77,H77)=2,H77-F77,"") -> 0.56 | AO77: =IF(COUNT(E77,F77)=2,(F77-E77)/E77,"") -> -0.025129342 | AP77: =IF(COUNT(E77,H77)=2,(H77-E77)/E77,"") -> 0.016260163 | AQ77: =IF(COUNT(E77,G77)=2,(G77-E77)/E77,"")
A78: ABC | B78: 162 | C78: אישה | E78: 17.41 | F78: 19.22 | H78: 24 | I78: =IF(COUNT(E78,F78)=2,F78-E78,"") -> 1.81 | J78: =IF(COUNT(E78,H78)=2,H78-E78,"") -> 6.59 | K78: =IF(COUNT(F78,G78)=2,F78-G78,"") | L78: 9 | M78: 9 | N78: 9 | O78: 1 | P78: 8 | Q78: 7 | R78: 7 | S78: 2 | T78: 8 | U78: 9 | V78: 9 | W78: 9 | X78: 7 | Y78: 8 | Z78: כן | AA78: בהליכה עם רצועה | AB78: 6 | AC78: 8 | AD78: 5 | AE78: 7 | AF78: 7 | AG78: 6 | AH78: =IF(COUNT(L78,P78)=2,P78-L78,"") -> -1 | AI78: =IF(COUNT(M78,Q78)=2,Q78-M78,"") -> -2 | AJ78: =IF(COUNT(N78,R78)=2,R78-N78,"") -> -2 | AK78: =IF(COUNT(O78,S78)=2,S78-O78,"") -> 1 | AL78: =IF(COUNT(AB78,AC78)=2,AC78-AB78,"") -> 2 | AM78: =IF(COUNT(AD78,AE78)=2,AE78-AD78,"") -> 2 | AN78: =IF(COUNT(F78,H78)=2,H78-F78,"") -> 4.78 | AO78: =IF(COUNT(E78,F78)=2,(F78-E78)/E78,"") -> 0.10396324 | AP78: =IF(COUNT(E78,H78)=2,(H78-E78)/E78,"") -> 0.37851809 | AQ78: =IF(COUNT(E78,G78)=2,(G78-E78)/E78,"")
A79: ABC | B79: 163 | C79: אישה | D79: ABC | E79: 17.91 | F79: 17.41 | H79: 18.1 | I79: =IF(COUNT(E79,F79)=2,F79-E79,"") -> -0.5 | J79: =IF(COUNT(E79,H79)=2,H79-E79,"") -> 0.19 | K79: =IF(COUNT(F79,G79)=2,F79-G79,"") | L79: 9 | M79: 9 | N79: 9 | O79: 1 | P79: 9 | Q79: 9 | R79: 9 | S79: 9 | T79: 9 | Z79: לא | AA79: לא הרגשתי הבדל בין המצבים | AB79: 9 | AC79: 9 | AD79: 9 | AE79: 9 | AF79: 9 | AG79: 9 | AH79: =IF(COUNT(L79,P79)=2,P79-L79,"") -> 0 | AI79: =IF(COUNT(M79,Q79)=2,Q79-M79,"") -> 0 | AJ79: =IF(COUNT(N79,R79)=2,R79-N79,"") -> 0 | AK79: =IF(COUNT(O79,S79)=2,S79-O79,"") -> 8 | AL79: =IF(COUNT(AB79,AC79)=2,AC79-AB79,"") -> 0 | AM79: =IF(COUNT(AD79,AE79)=2,AE79-AD79,"") -> 0 | AN79: =IF(COUNT(F79,H79)=2,H79-F79,"") -> 0.69 | AO79: =IF(COUNT(E79,F79)=2,(F79-E79)/E79,"") -> -0.027917365 | AP79: =IF(COUNT(E79,H79)=2,(H79-E79)/E79,"") -> 0.010608599 | AQ79: =IF(COUNT(E79,G79)=2,(G79-E79)/E79,"")
A80: ABC | B80: 164 | C80: אישה | D80: ACB | E80: 15.5 | F80: 18.56 | H80: 18 | I80: =IF(COUNT(E80,F80)=2,F80-E80,"") -> 3.06 | J80: =IF(COUNT(E80,H80)=2,H80-E80,"") -> 2.5 | K80: =IF(COUNT(F80,G80)=2,F80-G80,"") | L80: 9 | M80: 9 | N80: 9 | O80: 1 | P80: 9 | Q80: 9 | R80: 9 | S80: 1 | T80: 9 | U80: 8 | V80: 9 | W80: 9 | X80: 1 | Y80: 8 | Z80: לא | AA80: בהליכה עם רצועה | AB80: 9 | AC80: 9 | AD80: 8 | AE80: 9 | AF80: 9 | AG80: 7 | AH80: =IF(COUNT(L80,P80)=2,P80-L80,"") -> 0 | AI80: =IF(COUNT(M80,Q80)=2,Q80-M80,"") -> 0 | AJ80: =IF(COUNT(N80,R80)=2,R80-N80,"") -> 0 | AK80: =IF(COUNT(O80,S80)=2,S80-O80,"") -> 0 | AL80: =IF(COUNT(AB80,AC80)=2,AC80-AB80,"") -> 0 | AM80: =IF(COUNT(AD80,AE80)=2,AE80-AD80,"") -> 1 | AN80: =IF(COUNT(F80,H80)=2,H80-F80,"") -> -0.56 | AO80: =IF(COUNT(E80,F80)=2,(F80-E80)/E80,"") -> 0.19741935 | AP80: =IF(COUNT(E80,H80)=2,(H80-E80)/E80,"") -> 0.16129032 | AQ80: =IF(COUNT(E80,G80)=2,(G80-E80)/E80,"")
A81: ABC | B81: 165 | C81: גבר | D81: CBA | E81: 13.94 | F81: 15.06 | H81: 17.62 | I81: =IF(COUNT(E81,F81)=2,F81-E81,"") -> 1.12 | J81: =IF(COUNT(E81,H81)=2,H81-E81,"") -> 3.68 | K81: =IF(COUNT(F81,G81)=2,F81-G81,"") | L81: 9 | M81: 9 | N81: 9 | O81: 1 | P81: 8 | Q81: 8 | R81: 8 | S81: 1 | T81: 8 | U81: 5 | V81: 9 | W81: 5 | X81: 7 | Y81: 7 | Z81: כן | AA81: לא הרגשתי הבדל בין המצבים | AB81: 9 | AC81: 9 | AD81: 6 | AE81: 6 | AF81: 6 | AG81: 1 | AH81: =IF(COUNT(L81,P81)=2,P81-L81,"") -> -1 | AI81: =IF(COUNT(M81,Q81)=2,Q81-M81,"") -> -1 | AJ81: =IF(COUNT(N81,R81)=2,R81-N81,"") -> -1 | AK81: =IF(COUNT(O81,S81)=2,S81-O81,"") -> 0 | AL81: =IF(COUNT(AB81,AC81)=2,AC81-AB81,"") -> 0 | AM81: =IF(COUNT(AD81,AE81)=2,AE81-AD81,"") -> 0 | AN81: =IF(COUNT(F81,H81)=2,H81-F81,"") -> 2.56 | AO81: =IF(COUNT(E81,F81)=2,(F81-E81)/E81,"") -> 0.080344333 | AP81: =IF(COUNT(E81,H81)=2,(H81-E81)/E81,"") -> 0.26398852 | AQ81: =IF(COUNT(E81,G81)=2,(G81-E81)/E81,"")
A82: ABC | B82: 166 | C82: גבר | E82: 15.44 | F82: 18.81 | H82: 19.34 | I82: =IF(COUNT(E82,F82)=2,F82-E82,"") -> 3.37 | J82: =IF(COUNT(E82,H82)=2,H82-E82,"") -> 3.9 | K82: =IF(COUNT(F82,G82)=2,F82-G82,"") | L82: 7 | M82: 9 | N82: 9 | O82: 1 | P82: 6 | Q82: 7 | R82: 7 | S82: 2 | T82: 7 | U82: 5 | V82: 9 | W82: 7 | X82: 3 | Y82: 9 | AH82: =IF(COUNT(L82,P82)=2,P82-L82,"") -> -1 | AI82: =IF(COUNT(M82,Q82)=2,Q82-M82,"") -> -2 | AJ82: =IF(COUNT(N82,R82)=2,R82-N82,"") -> -2 | AK82: =IF(COUNT(O82,S82)=2,S82-O82,"") -> 1 | AL82: =IF(COUNT(AB82,AC82)=2,AC82-AB82,"") | AM82: =IF(COUNT(AD82,AE82)=2,AE82-AD82,"") | AN82: =IF(COUNT(F82,H82)=2,H82-F82,"") -> 0.53 | AO82: =IF(COUNT(E82,F82)=2,(F82-E82)/E82,"") -> 0.21826425 | AP82: =IF(COUNT(E82,H82)=2,(H82-E82)/E82,"") -> 0.25259067 | AQ82: =IF(COUNT(E82,G82)=2,(G82-E82)/E82,"")
A83: ABC | B83: 167 | C83: גבר | D83: ACB | E83: 14.13 | F83: 15.72 | H83: 14.35 | I83: =IF(COUNT(E83,F83)=2,F83-E83,"") -> 1.59 | J83: =IF(COUNT(E83,H83)=2,H83-E83,"") -> 0.22 | K83: =IF(COUNT(F83,G83)=2,F83-G83,"") | L83: 9 | M83: 9 | N83: 9 | O83: 1 | P83: 8 | Q83: 8 | R83: 9 | S83: 7 | T83: 9 | U83: 8 | V83: 9 | W83: 8 | X83: 7 | Y83: 9 | Z83: כן | AA83: בהליכה עם רצועה | AB83: 7 | AC83: 9 | AD83: 7 | AE83: 9 | AF83: 9 | AG83: 5 | AH83: =IF(COUNT(L83,P83)=2,P83-L83,"") -> -1 | AI83: =IF(COUNT(M83,Q83)=2,Q83-M83,"") -> -1 | AJ83: =IF(COUNT(N83,R83)=2,R83-N83,"") -> 0 | AK83: =IF(COUNT(O83,S83)=2,S83-O83,"") -> 6 | AL83: =IF(COUNT(AB83,AC83)=2,AC83-AB83,"") -> 2 | AM83: =IF(COUNT(AD83,AE83)=2,AE83-AD83,"") -> 2 | AN83: =IF(COUNT(F83,H83)=2,H83-F83,"") -> -1.37 | AO83: =IF(COUNT(E83,F83)=2,(F83-E83)/E83,"") -> 0.11252654 | AP83: =IF(COUNT(E83,H83)=2,(H83-E83)/E83,"") -> 0.01556971 | AQ83: =IF(COUNT(E83,G83)=2,(G83-E83)/E83,"")
A84: ABC | B84: 168 | D84: BCA | E84: 13.45 | F84: 16.65 | H84: 15.25 | I84: =IF(COUNT(E84,F84)=2,F84-E84,"") -> 3.2 | J84: =IF(COUNT(E84,H84)=2,H84-E84,"") -> 1.8 | K84: =IF(COUNT(F84,G84)=2,F84-G84,"") | P84: 9 | Q84: 9 | R84: 9 | S84: 1 | T84: 9 | U84: 7 | V84: 9 | W84: 7 | X84: 5 | Y84: 9 | Z84: לא | AA84: בהליכה ללא רצועה | AB84: 9 | AC84: 8 | AD84: 6 | AE84: 7 | AF84: 7 | AG84: 8 | AH84: =IF(COUNT(L84,P84)=2,P84-L84,"") | AI84: =IF(COUNT(M84,Q84)=2,Q84-M84,"") | AJ84: =IF(COUNT(N84,R84)=2,R84-N84,"") | AK84: =IF(COUNT(O84,S84)=2,S84-O84,"") | AL84: =IF(COUNT(AB84,AC84)=2,AC84-AB84,"") -> -1 | AM84: =IF(COUNT(AD84,AE84)=2,AE84-AD84,"") -> 1 | AN84: =IF(COUNT(F84,H84)=2,H84-F84,"") -> -1.4 | AO84: =IF(COUNT(E84,F84)=2,(F84-E84)/E84,"") -> 0.23791822 | AP84: =IF(COUNT(E84,H84)=2,(H84-E84)/E84,"") -> 0.133829 | AQ84: =IF(COUNT(E84,G84)=2,(G84-E84)/E84,"")
A85: ABC | B85: 169 | C85: גבר | D85: ACB | E85: 14.31 | F85: 14.09 | H85: 14.75 | I85: =IF(COUNT(E85,F85)=2,F85-E85,"") -> -0.22 | J85: =IF(COUNT(E85,H85)=2,H85-E85,"") -> 0.44 | K85: =IF(COUNT(F85,G85)=2,F85-G85,"") | L85: 7 | M85: 6 | N85: 6 | O85: 6 | P85: 4 | Q85: 3 | R85: 5 | S85: 7 | T85: 5 | U85: 7 | V85: 7 | W85: 7 | X85: 4 | Y85: 7 | Z85: כן | AA85: בהליכה עם רצועה | AB85: 3 | AC85: 7 | AD85: 2 | AE85: 6 | AF85: 7 | AG85: 7 | AH85: =IF(COUNT(L85,P85)=2,P85-L85,"") -> -3 | AI85: =IF(COUNT(M85,Q85)=2,Q85-M85,"") -> -3 | AJ85: =IF(COUNT(N85,R85)=2,R85-N85,"") -> -1 | AK85: =IF(COUNT(O85,S85)=2,S85-O85,"") -> 1 | AL85: =IF(COUNT(AB85,AC85)=2,AC85-AB85,"") -> 4 | AM85: =IF(COUNT(AD85,AE85)=2,AE85-AD85,"") -> 4 | AN85: =IF(COUNT(F85,H85)=2,H85-F85,"") -> 0.66 | AO85: =IF(COUNT(E85,F85)=2,(F85-E85)/E85,"") -> -0.015373864 | AP85: =IF(COUNT(E85,H85)=2,(H85-E85)/E85,"") -> 0.030747729 | AQ85: =IF(COUNT(E85,G85)=2,(G85-E85)/E85,"")
A86: ABC | B86: 170 | C86: גבר | E86: 14.5 | F86: 14.53 | H86: 15.44 | I86: =IF(COUNT(E86,F86)=2,F86-E86,"") -> 0.03 | J86: =IF(COUNT(E86,H86)=2,H86-E86,"") -> 0.94 | K86: =IF(COUNT(F86,G86)=2,F86-G86,"") | L86: 9 | M86: 9 | N86: 8 | O86: 8 | P86: 6 | Q86: 5 | R86: 5 | S86: 6 | T86: 5 | U86: 7 | V86: 8 | W86: 6 | X86: 5 | Y86: 7 | Z86: כן | AA86: בהליכה עם רצועה | AB86: 5 | AC86: 7 | AD86: 5 | AE86: 7 | AF86: 9 | AG86: 8 | AH86: =IF(COUNT(L86,P86)=2,P86-L86,"") -> -3 | AI86: =IF(COUNT(M86,Q86)=2,Q86-M86,"") -> -4 | AJ86: =IF(COUNT(N86,R86)=2,R86-N86,"") -> -3 | AK86: =IF(COUNT(O86,S86)=2,S86-O86,"") -> -2 | AL86: =IF(COUNT(AB86,AC86)=2,AC86-AB86,"") -> 2 | AM86: =IF(COUNT(AD86,AE86)=2,AE86-AD86,"") -> 2 | AN86: =IF(COUNT(F86,H86)=2,H86-F86,"") -> 0.91 | AO86: =IF(COUNT(E86,F86)=2,(F86-E86)/E86,"") -> 0.0020689655 | AP86: =IF(COUNT(E86,H86)=2,(H86-E86)/E86,"") -> 0.064827586 | AQ86: =IF(COUNT(E86,G86)=2,(G86-E86)/E86,"")
A87: ABC | B87: 171 | C87: גבר | D87: CBA | E87: 11.6 | F87: 12.97 | H87: 14.72 | I87: =IF(COUNT(E87,F87)=2,F87-E87,"") -> 1.37 | J87: =IF(COUNT(E87,H87)=2,H87-E87,"") -> 3.12 | K87: =IF(COUNT(F87,G87)=2,F87-G87,"") | L87: 9 | M87: 9 | N87: 9 | O87: 1 | P87: 9 | Q87: 9 | R87: 9 | S87: 1 | T87: 9 | U87: 9 | V87: 8 | W87: 8 | X87: 1 | Y87: 9 | Z87: לא | AA87: בהליכה ללא רצועה | AB87: 9 | AC87: 7 | AD87: 9 | AE87: 7 | AF87: 9 | AG87: 9 | AH87: =IF(COUNT(L87,P87)=2,P87-L87,"") -> 0 | AI87: =IF(COUNT(M87,Q87)=2,Q87-M87,"") -> 0 | AJ87: =IF(COUNT(N87,R87)=2,R87-N87,"") -> 0 | AK87: =IF(COUNT(O87,S87)=2,S87-O87,"") -> 0 | AL87: =IF(COUNT(AB87,AC87)=2,AC87-AB87,"") -> -2 | AM87: =IF(COUNT(AD87,AE87)=2,AE87-AD87,"") -> -2 | AN87: =IF(COUNT(F87,H87)=2,H87-F87,"") -> 1.75 | AO87: =IF(COUNT(E87,F87)=2,(F87-E87)/E87,"") -> 0.11810345 | AP87: =IF(COUNT(E87,H87)=2,(H87-E87)/E87,"") -> 0.26896552 | AQ87: =IF(COUNT(E87,G87)=2,(G87-E87)/E87,"")
A88: ABC | B88: 172 | C88: גבר | D88: BAC | E88: 18.25 | F88: 20.78 | H88: 18.53 | I88: =IF(COUNT(E88,F88)=2,F88-E88,"") -> 2.53 | J88: =IF(COUNT(E88,H88)=2,H88-E88,"") -> 0.28 | K88: =IF(COUNT(F88,G88)=2,F88-G88,"") | L88: 8 | M88: 9 | N88: 8 | O88: 1 | P88: 6 | Q88: 7 | R88: 8 | S88: 1 | T88: 7 | U88: 9 | V88: 9 | W88: 9 | X88: 1 | Y88: 9 | Z88: לא | AA88: בהליכה עם רצועה | AB88: 7 | AC88: 9 | AD88: 7 | AE88: 9 | AF88: 6 | AG88: 9 | AH88: =IF(COUNT(L88,P88)=2,P88-L88,"") -> -2 | AI88: =IF(COUNT(M88,Q88)=2,Q88-M88,"") -> -2 | AJ88: =IF(COUNT(N88,R88)=2,R88-N88,"") -> 0 | AK88: =IF(COUNT(O88,S88)=2,S88-O88,"") -> 0 | AL88: =IF(COUNT(AB88,AC88)=2,AC88-AB88,"") -> 2 | AM88: =IF(COUNT(AD88,AE88)=2,AE88-AD88,"") -> 2 | AN88: =IF(COUNT(F88,H88)=2,H88-F88,"") -> -2.25 | AO88: =IF(COUNT(E88,F88)=2,(F88-E88)/E88,"") -> 0.13863014 | AP88: =IF(COUNT(E88,H88)=2,(H88-E88)/E88,"") -> 0.015342466 | AQ88: =IF(COUNT(E88,G88)=2,(G88-E88)/E88,"")
A89: ABC | B89: 173 | C89: גבר | D89: BCA | E89: 13.62 | F89: 17.75 | H89: 14.22 | I89: =IF(COUNT(E89,F89)=2,F89-E89,"") -> 4.13 | J89: =IF(COUNT(E89,H89)=2,H89-E89,"") -> 0.6 | K89: =IF(COUNT(F89,G89)=2,F89-G89,"") | L89: 9 | M89: 9 | N89: 9 | O89: 4 | P89: 8 | Q89: 9 | R89: 7 | S89: 8 | T89: 8 | U89: 8 | V89: 8 | W89: 9 | X89: 4 | Y89: 9 | Z89: לא | AA89: לא הרגשתי הבדל בין המצבים | AB89: 7 | AC89: 8 | AD89: 6 | AE89: 7 | AF89: 9 | AG89: 6 | AH89: =IF(COUNT(L89,P89)=2,P89-L89,"") -> -1 | AI89: =IF(COUNT(M89,Q89)=2,Q89-M89,"") -> 0 | AJ89: =IF(COUNT(N89,R89)=2,R89-N89,"") -> -2 | AK89: =IF(COUNT(O89,S89)=2,S89-O89,"") -> 4 | AL89: =IF(COUNT(AB89,AC89)=2,AC89-AB89,"") -> 1 | AM89: =IF(COUNT(AD89,AE89)=2,AE89-AD89,"") -> 1 | AN89: =IF(COUNT(F89,H89)=2,H89-F89,"") -> -3.53 | AO89: =IF(COUNT(E89,F89)=2,(F89-E89)/E89,"") -> 0.30323054 | AP89: =IF(COUNT(E89,H89)=2,(H89-E89)/E89,"") -> 0.044052863 | AQ89: =IF(COUNT(E89,G89)=2,(G89-E89)/E89,"")
A90: ABC | B90: 174 | C90: גבר | D90: CAB | E90: 14.5 | F90: 14.22 | H90: 15.16 | I90: =IF(COUNT(E90,F90)=2,F90-E90,"") -> -0.28 | J90: =IF(COUNT(E90,H90)=2,H90-E90,"") -> 0.66 | K90: =IF(COUNT(F90,G90)=2,F90-G90,"") | L90: 9 | M90: 9 | N90: 9 | O90: 1 | P90: 8 | Q90: 8 | R90: 8 | S90: 1 | T90: 8 | U90: 8 | V90: 8 | W90: 8 | X90: 5 | Y90: 8 | Z90: לא | AA90: בהליכה ללא רצועה | AB90: 8 | AC90: 8 | AD90: 8 | AE90: 8 | AF90: 9 | AG90: 8 | AH90: =IF(COUNT(L90,P90)=2,P90-L90,"") -> -1 | AI90: =IF(COUNT(M90,Q90)=2,Q90-M90,"") -> -1 | AJ90: =IF(COUNT(N90,R90)=2,R90-N90,"") -> -1 | AK90: =IF(COUNT(O90,S90)=2,S90-O90,"") -> 0 | AL90: =IF(COUNT(AB90,AC90)=2,AC90-AB90,"") -> 0 | AM90: =IF(COUNT(AD90,AE90)=2,AE90-AD90,"") -> 0 | AN90: =IF(COUNT(F90,H90)=2,H90-F90,"") -> 0.94 | AO90: =IF(COUNT(E90,F90)=2,(F90-E90)/E90,"") -> -0.019310345 | AP90: =IF(COUNT(E90,H90)=2,(H90-E90)/E90,"") -> 0.045517241 | AQ90: =IF(COUNT(E90,G90)=2,(G90-E90)/E90,"")
A91: ABC | B91: 175 | C91: אישה | D91: ABC | E91: 12.28 | F91: 14.5 | H91: 14.37 | I91: =IF(COUNT(E91,F91)=2,F91-E91,"") -> 2.22 | J91: =IF(COUNT(E91,H91)=2,H91-E91,"") -> 2.09 | K91: =IF(COUNT(F91,G91)=2,F91-G91,"") | L91: 7 | M91: 9 | N91: 9 | O91: 7 | P91: 9 | Q91: 7 | R91: 9 | S91: 3 | T91: 9 | U91: 9 | V91: 9 | W91: 9 | X91: 1 | Y91: 9 | Z91: לא | AA91: בהליכה עם רצועה | AB91: 8 | AC91: 9 | AD91: 8 | AE91: 9 | AF91: 9 | AG91: 9 | AH91: =IF(COUNT(L91,P91)=2,P91-L91,"") -> 2 | AI91: =IF(COUNT(M91,Q91)=2,Q91-M91,"") -> -2 | AJ91: =IF(COUNT(N91,R91)=2,R91-N91,"") -> 0 | AK91: =IF(COUNT(O91,S91)=2,S91-O91,"") -> -4 | AL91: =IF(COUNT(AB91,AC91)=2,AC91-AB91,"") -> 1 | AM91: =IF(COUNT(AD91,AE91)=2,AE91-AD91,"") -> 1 | AN91: =IF(COUNT(F91,H91)=2,H91-F91,"") -> -0.13 | AO91: =IF(COUNT(E91,F91)=2,(F91-E91)/E91,"") -> 0.18078176 | AP91: =IF(COUNT(E91,H91)=2,(H91-E91)/E91,"") -> 0.17019544 | AQ91: =IF(COUNT(E91,G91)=2,(G91-E91)/E91,"")
A92: ABC | B92: 176 | C92: גבר | D92: BAC | E92: 15.72 | F92: 16.84 | H92: 21.32 | I92: =IF(COUNT(E92,F92)=2,F92-E92,"") -> 1.12 | J92: =IF(COUNT(E92,H92)=2,H92-E92,"") -> 5.6 | K92: =IF(COUNT(F92,G92)=2,F92-G92,"") | L92: 6 | M92: 9 | N92: 9 | O92: 3 | P92: 9 | Q92: 9 | R92: 9 | S92: 2 | T92: 9 | U92: 9 | V92: 9 | W92: 9 | X92: 1 | Y92: 9 | Z92: לא | AA92: בהליכה עם רצועה | AB92: 9 | AC92: 9 | AD92: 5 | AE92: 6 | AF92: 7 | AG92: 7 | AH92: =IF(COUNT(L92,P92)=2,P92-L92,"") -> 3 | AI92: =IF(COUNT(M92,Q92)=2,Q92-M92,"") -> 0 | AJ92: =IF(COUNT(N92,R92)=2,R92-N92,"") -> 0 | AK92: =IF(COUNT(O92,S92)=2,S92-O92,"") -> -1 | AL92: =IF(COUNT(AB92,AC92)=2,AC92-AB92,"") -> 0 | AM92: =IF(COUNT(AD92,AE92)=2,AE92-AD92,"") -> 1 | AN92: =IF(COUNT(F92,H92)=2,H92-F92,"") -> 4.48 | AO92: =IF(COUNT(E92,F92)=2,(F92-E92)/E92,"") -> 0.071246819 | AP92: =IF(COUNT(E92,H92)=2,(H92-E92)/E92,"") -> 0.3562341 | AQ92: =IF(COUNT(E92,G92)=2,(G92-E92)/E92,"")
A93: ABC | B93: 177 | C93: גבר | D93: BCA | E93: 20.97 | F93: 21.06 | H93: 22.72 | I93: =IF(COUNT(E93,F93)=2,F93-E93,"") -> 0.09 | J93: =IF(COUNT(E93,H93)=2,H93-E93,"") -> 1.75 | K93: =IF(COUNT(F93,G93)=2,F93-G93,"") | L93: 8 | M93: 9 | N93: 8 | O93: 2 | P93: 8 | Q93: 8 | R93: 9 | S93: 5 | T93: 8 | U93: 7 | V93: 9 | W93: 6 | X93: 7 | Y93: 9 | Z93: לא | AA93: בהליכה ללא רצועה | AB93: 7 | AC93: 8 | AD93: 6 | AE93: 7 | AF93: 7 | AG93: 8 | AH93: =IF(COUNT(L93,P93)=2,P93-L93,"") -> 0 | AI93: =IF(COUNT(M93,Q93)=2,Q93-M93,"") -> -1 | AJ93: =IF(COUNT(N93,R93)=2,R93-N93,"") -> 1 | AK93: =IF(COUNT(O93,S93)=2,S93-O93,"") -> 3 | AL93: =IF(COUNT(AB93,AC93)=2,AC93-AB93,"") -> 1 | AM93: =IF(COUNT(AD93,AE93)=2,AE93-AD93,"") -> 1 | AN93: =IF(COUNT(F93,H93)=2,H93-F93,"") -> 1.66 | AO93: =IF(COUNT(E93,F93)=2,(F93-E93)/E93,"") -> 0.0042918455 | AP93: =IF(COUNT(E93,H93)=2,(H93-E93)/E93,"") -> 0.083452551 | AQ93: =IF(COUNT(E93,G93)=2,(G93-E93)/E93,"")
A94: ABC | B94: 178 | C94: אישה | D94: CAB | E94: 17.12 | F94: 18.12 | H94: 20.72 | I94: =IF(COUNT(E94,F94)=2,F94-E94,"") -> 1 | J94: =IF(COUNT(E94,H94)=2,H94-E94,"") -> 3.6 | K94: =IF(COUNT(F94,G94)=2,F94-G94,"") | L94: 9 | M94: 9 | N94: 9 | O94: 1 | P94: 9 | Q94: 9 | R94: 9 | S94: 1 | T94: 9 | U94: 9 | V94: 9 | W94: 9 | X94: 8 | Y94: 9 | Z94: לא | AA94: בהליכה ללא רצועה | AB94: 9 | AC94: 9 | AD94: 9 | AE94: 7 | AF94: 9 | AG94: 7 | AH94: =IF(COUNT(L94,P94)=2,P94-L94,"") -> 0 | AI94: =IF(COUNT(M94,Q94)=2,Q94-M94,"") -> 0 | AJ94: =IF(COUNT(N94,R94)=2,R94-N94,"") -> 0 | AK94: =IF(COUNT(O94,S94)=2,S94-O94,"") -> 0 | AL94: =IF(COUNT(AB94,AC94)=2,AC94-AB94,"") -> 0 | AM94: =IF(COUNT(AD94,AE94)=2,AE94-AD94,"") -> -2 | AN94: =IF(COUNT(F94,H94)=2,H94-F94,"") -> 2.6 | AO94: =IF(COUNT(E94,F94)=2,(F94-E94)/E94,"") -> 0.058411215 | AP94: =IF(COUNT(E94,H94)=2,(H94-E94)/E94,"") -> 0.21028037 | AQ94: =IF(COUNT(E94,G94)=2,(G94-E94)/E94,"")
A95: ABC | B95: 179 | C95: גבר | D95: ABC | E95: 17.38 | F95: 17.97 | H95: 16.35 | I95: =IF(COUNT(E95,F95)=2,F95-E95,"") -> 0.59 | J95: =IF(COUNT(E95,H95)=2,H95-E95,"") -> -1.03 | K95: =IF(COUNT(F95,G95)=2,F95-G95,"") | L95: 9 | M95: 9 | N95: 9 | O95: 1 | P95: 7 | Q95: 7 | R95: 7 | S95: 2 | T95: 7 | U95: 6 | V95: 6 | W95: 7 | X95: 4 | Y95: 7 | Z95: לא | AA95: בהליכה עם רצועה | AB95: 6 | AC95: 6 | AD95: 6 | AE95: 5 | AF95: 9 | AG95: 6 | AH95: =IF(COUNT(L95,P95)=2,P95-L95,"") -> -2 | AI95: =IF(COUNT(M95,Q95)=2,Q95-M95,"") -> -2 | AJ95: =IF(COUNT(N95,R95)=2,R95-N95,"") -> -2 | AK95: =IF(COUNT(O95,S95)=2,S95-O95,"") -> 1 | AL95: =IF(COUNT(AB95,AC95)=2,AC95-AB95,"") -> 0 | AM95: =IF(COUNT(AD95,AE95)=2,AE95-AD95,"") -> -1 | AN95: =IF(COUNT(F95,H95)=2,H95-F95,"") -> -1.62 | AO95: =IF(COUNT(E95,F95)=2,(F95-E95)/E95,"") -> 0.033947066 | AP95: =IF(COUNT(E95,H95)=2,(H95-E95)/E95,"") -> -0.059263521 | AQ95: =IF(COUNT(E95,G95)=2,(G95-E95)/E95,"")
A96: ABC | B96: 180 | C96: גבר | D96: CBA | E96: 14.34 | F96: 16.15 | H96: 18.69 | I96: =IF(COUNT(E96,F96)=2,F96-E96,"") -> 1.81 | J96: =IF(COUNT(E96,H96)=2,H96-E96,"") -> 4.35 | K96: =IF(COUNT(F96,G96)=2,F96-G96,"") | L96: 9 | M96: 9 | N96: 9 | O96: 1 | P96: 6 | Q96: 7 | R96: 5 | S96: 4 | T96: 7 | U96: 6 | V96: 8 | W96: 7 | X96: 2 | Y96: 8 | Z96: לא | AA96: לא הרגשתי הבדל בין המצבים | AB96: 7 | AC96: 6 | AD96: 6 | AE96: 6 | AF96: 8 | AG96: 2 | AH96: =IF(COUNT(L96,P96)=2,P96-L96,"") -> -3 | AI96: =IF(COUNT(M96,Q96)=2,Q96-M96,"") -> -2 | AJ96: =IF(COUNT(N96,R96)=2,R96-N96,"") -> -4 | AK96: =IF(COUNT(O96,S96)=2,S96-O96,"") -> 3 | AL96: =IF(COUNT(AB96,AC96)=2,AC96-AB96,"") -> -1 | AM96: =IF(COUNT(AD96,AE96)=2,AE96-AD96,"") -> 0 | AN96: =IF(COUNT(F96,H96)=2,H96-F96,"") -> 2.54 | AO96: =IF(COUNT(E96,F96)=2,(F96-E96)/E96,"") -> 0.12622036 | AP96: =IF(COUNT(E96,H96)=2,(H96-E96)/E96,"") -> 0.30334728 | AQ96: =IF(COUNT(E96,G96)=2,(G96-E96)/E96,"")
A97: ABC | B97: 181 | C97: אישה | D97: ACB | E97: 16.81 | F97: 18.31 | H97: 17.22 | I97: =IF(COUNT(E97,F97)=2,F97-E97,"") -> 1.5 | J97: =IF(COUNT(E97,H97)=2,H97-E97,"") -> 0.41 | K97: =IF(COUNT(F97,G97)=2,F97-G97,"") | L97: 9 | M97: 9 | N97: 9 | O97: 1 | P97: 8 | Q97: 8 | R97: 9 | S97: 1 | T97: 8 | U97: 8 | V97: 9 | W97: 8 | X97: 2 | Y97: 7 | Z97: לא | AA97: בהליכה ללא רצועה | AB97: 8 | AC97: 7 | AD97: 8 | AE97: 7 | AF97: 9 | AG97: 4 | AH97: =IF(COUNT(L97,P97)=2,P97-L97,"") -> -1 | AI97: =IF(COUNT(M97,Q97)=2,Q97-M97,"") -> -1 | AJ97: =IF(COUNT(N97,R97)=2,R97-N97,"") -> 0 | AK97: =IF(COUNT(O97,S97)=2,S97-O97,"") -> 0 | AL97: =IF(COUNT(AB97,AC97)=2,AC97-AB97,"") -> -1 | AM97: =IF(COUNT(AD97,AE97)=2,AE97-AD97,"") -> -1 | AN97: =IF(COUNT(F97,H97)=2,H97-F97,"") -> -1.09 | AO97: =IF(COUNT(E97,F97)=2,(F97-E97)/E97,"") -> 0.0892326 | AP97: =IF(COUNT(E97,H97)=2,(H97-E97)/E97,"") -> 0.024390244 | AQ97: =IF(COUNT(E97,G97)=2,(G97-E97)/E97,"")
A98: ABC | B98: 182 | C98: אישה | D98: CAB | E98: 15.93 | H98: 14.87 | I98: =IF(COUNT(E98,F98)=2,F98-E98,"") | J98: =IF(COUNT(E98,H98)=2,H98-E98,"") -> -1.06 | K98: =IF(COUNT(F98,G98)=2,F98-G98,"") | L98: 9 | M98: 9 | N98: 9 | O98: 1 | P98: 1 | Q98: 1 | R98: 1 | S98: 1 | T98: 1 | U98: 9 | V98: 9 | W98: 9 | X98: 4 | Y98: 7 | Z98: כן | AA98: בהליכה עם רצועה | AB98: 1 | AC98: 1 | AD98: 1 | AE98: 1 | AF98: 1 | AG98: 1 | AH98: =IF(COUNT(L98,P98)=2,P98-L98,"") -> -8 | AI98: =IF(COUNT(M98,Q98)=2,Q98-M98,"") -> -8 | AJ98: =IF(COUNT(N98,R98)=2,R98-N98,"") -> -8 | AK98: =IF(COUNT(O98,S98)=2,S98-O98,"") -> 0 | AL98: =IF(COUNT(AB98,AC98)=2,AC98-AB98,"") -> 0 | AM98: =IF(COUNT(AD98,AE98)=2,AE98-AD98,"") -> 0 | AN98: =IF(COUNT(F98,H98)=2,H98-F98,"") | AO98: =IF(COUNT(E98,F98)=2,(F98-E98)/E98,"") | AP98: =IF(COUNT(E98,H98)=2,(H98-E98)/E98,"") -> -0.066541117 | AQ98: =IF(COUNT(E98,G98)=2,(G98-E98)/E98,"")

Sheet ניתוח חי — זמנים
B1: ניתוח חי — זמני הליכה
B2: כל הערכים מחושבים בנוסחאות אקסל מתוך גיליון 'טבלת אב'. שינוי כל נתון שם יעדכן את כל המספרים כאן אוטומטית. מבחני t מזווגים ומתאמים הם פרמטריים (המקבילה של אקסל למבחנים הלא-פרמטריים בגיליונות הנרטיב). ה־N משתנה בין השוואה להשוואה מפני שכל מבחן מזווג כולל רק נסיינים שיש להם שני הערכים הרלוונטיים.
B4: ① טבלת השוואה מרכזית (שניות)
B5: מדד | C5: A — לבד | D5: B — כלב | E5: C — רצועה | F5: B2 — כלב#2
B6: ממוצע | C6: =AVERAGE('טבלת אב'!E2:E98) -> 15.491753 | D6: =AVERAGE('טבלת אב'!F2:F98) -> 17.234149 | E6: =AVERAGE('טבלת אב'!H2:H98) -> 17.316842 | F6: =AVERAGE('טבלת אב'!G2:G98) -> 16.278947
B7: חציון | C7: =MEDIAN('טבלת אב'!E2:E98) -> 15.31 | D7: =MEDIAN('טבלת אב'!F2:F98) -> 17 | E7: =MEDIAN('טבלת אב'!H2:H98) -> 17.16 | F7: =MEDIAN('טבלת אב'!G2:G98) -> 16.25
B8: סטיית תקן | C8: =STDEV('טבלת אב'!E2:E98) -> 2.2284136 | D8: =STDEV('טבלת אב'!F2:F98) -> 2.9104644 | E8: =STDEV('טבלת אב'!H2:H98) -> 2.7815397 | F8: =STDEV('טבלת אב'!G2:G98) -> 2.1736781
B9: מינימום | C9: =MIN('טבלת אב'!E2:E98) -> 11.19 | D9: =MIN('טבלת אב'!F2:F98) -> 12.97 | E9: =MIN('טבלת אב'!H2:H98) -> 12.28 | F9: =MIN('טבלת אב'!G2:G98) -> 12.16
B10: מקסימום | C10: =MAX('טבלת אב'!E2:E98) -> 22.16 | D10: =MAX('טבלת אב'!F2:F98) -> 29.47 | E10: =MAX('טבלת אב'!H2:H98) -> 26.68 | F10: =MAX('טבלת אב'!G2:G98) -> 20.94
B11: N (נסיינים) | C11: =COUNT('טבלת אב'!E2:E98) -> 97 | D11: =COUNT('טבלת אב'!F2:F98) -> 94 | E11: =COUNT('טבלת אב'!H2:H98) -> 76 | F11: =COUNT('טבלת אב'!G2:G98) -> 19
B13: ② השפעת הכלב — לבד מול כלב בלי רצועה (B−A)
B14: הפרש ממוצע (שנ') | C14: =AVERAGE('טבלת אב'!I2:I98) -> 1.7742553
B15: % שהואטו (הפרש>0) | C15: =COUNTIF('טבלת אב'!I2:I98,">0")/COUNT('טבלת אב'!I2:I98) -> 0.78723404
B16: t (מבחן t מזווג) | C16: =AVERAGE('טבלת אב'!I2:I98)/(STDEV('טבלת אב'!I2:I98)/SQRT(COUNT('טבלת אב'!I2:I98))) -> 7.7549844
B17: p-value | C17: =TDIST(MAX(ABS(C16),0.000000001),COUNT('טבלת אב'!I2:I98)-1,2) -> 1.097867e-11
B18: N (זוגות) | C18: =COUNT('טבלת אב'!I2:I98) -> 94
B20: ③ השפעת הכלב עם רצועה — לבד מול C (C−A)
B21: הפרש ממוצע (שנ') | C21: =AVERAGE('טבלת אב'!J2:J98) -> 1.7821053
B22: % שהואטו (הפרש>0) | C22: =COUNTIF('טבלת אב'!J2:J98,">0")/COUNT('טבלת אב'!J2:J98) -> 0.88157895
B23: t (מבחן t מזווג) | C23: =AVERAGE('טבלת אב'!J2:J98)/(STDEV('טבלת אב'!J2:J98)/SQRT(COUNT('טבלת אב'!J2:J98))) -> 8.5141292
B24: p-value | C24: =TDIST(MAX(ABS(C23),0.000000001),COUNT('טבלת אב'!J2:J98)-1,2) -> 1.2522878e-12
B25: N (זוגות) | C25: =COUNT('טבלת אב'!J2:J98) -> 76
B27: ④ רצועה מול בלי רצועה (C−B)
B28: הפרש ממוצע (שנ') | C28: =AVERAGE('טבלת אב'!AN2:AN98) -> 0.17123288
B29: % איטי יותר עם רצועה | C29: =COUNTIF('טבלת אב'!AN2:AN98,">0")/COUNT('טבלת אב'!AN2:AN98) -> 0.5890411
B30: t (מבחן t מזווג) | C30: =AVERAGE('טבלת אב'!AN2:AN98)/(STDEV('טבלת אב'!AN2:AN98)/SQRT(COUNT('טבלת אב'!AN2:AN98))) -> 0.58221681
B31: p-value | C31: =TDIST(MAX(ABS(C30),0.000000001),COUNT('טבלת אב'!AN2:AN98)-1,2) -> 0.56223942
B32: N (זוגות) | C32: =COUNT('טבלת אב'!AN2:AN98) -> 73
B34: ⑤ התרגלות — הליכת כלב 1 מול 2 (B1−B2)
B35: הפרש ממוצע (שנ') | C35: =AVERAGE('טבלת אב'!K2:K98) -> 0.84157895
B36: % שהשתפרו (הפרש>0) | C36: =COUNTIF('טבלת אב'!K2:K98,">0")/COUNT('טבלת אב'!K2:K98) -> 0.68421053
B37: t (מבחן t מזווג) | C37: =AVERAGE('טבלת אב'!K2:K98)/(STDEV('טבלת אב'!K2:K98)/SQRT(COUNT('טבלת אב'!K2:K98))) -> 2.8514832
B38: p-value | C38: =TDIST(MAX(ABS(C37),0.000000001),COUNT('טבלת אב'!K2:K98)-1,2) -> 0.010597869
B39: N (זוגות) | C39: =COUNT('טבלת אב'!K2:K98) -> 19
B41: ⑥ פילוח לפי מקור ומגדר
B42: ממוצע A — ניסוי ABC | C42: =AVERAGEIF('טבלת אב'!A2:A98,"ABC",'טבלת אב'!E2:E98) -> 15.533506
B43: ממוצע A — ניסוי ABB | C43: =AVERAGEIF('טבלת אב'!A2:A98,"ABB",'טבלת אב'!E2:E98) -> 15.331
B44: ממוצע B — ניסוי ABC | C44: =AVERAGEIF('טבלת אב'!A2:A98,"ABC",'טבלת אב'!F2:F98) -> 17.143514
B45: ממוצע B — ניסוי ABB | C45: =AVERAGEIF('טבלת אב'!A2:A98,"ABB",'טבלת אב'!F2:F98) -> 17.5695
B46: האטה B−A — גברים | C46: =AVERAGEIF('טבלת אב'!C2:C98,"גבר",'טבלת אב'!I2:I98) -> 1.8747368
B47: האטה B−A — נשים | C47: =AVERAGEIF('טבלת אב'!C2:C98,"אישה",'טבלת אב'!I2:I98) -> 1.5755556

Sheet ניתוח חי — שאלונים
B1: ניתוח חי — שאלונים
B2: סולם 1–9. כל המספרים נוסחאות חיות מתוך 'טבלת אב'.
B4: ① חוויה סובייקטיבית לפי תנאי
B5: היגד | C5: לבד (A) | D5: כלב (B) | E5: רצועה (C)
B6: הרגיש טבעי | C6: =AVERAGE('טבלת אב'!L2:L98) -> 8.4895833 | D6: =AVERAGE('טבלת אב'!P2:P98) -> 7.5206186 | E6: =AVERAGE('טבלת אב'!U2:U98) -> 7.3733333
B7: הרגשתי בטוח | C7: =AVERAGE('טבלת אב'!M2:M98) -> 8.6875 | D7: =AVERAGE('טבלת אב'!Q2:Q98) -> 7.4948454 | E7: =AVERAGE('טבלת אב'!V2:V98) -> 7.68
B8: שמרתי על הקצב | C8: =AVERAGE('טבלת אב'!N2:N98) -> 8.5104167 | D8: =AVERAGE('טבלת אב'!R2:R98) -> 7.4587629 | E8: =AVERAGE('טבלת אב'!W2:W98) -> 7.4066667
B9: צורך לשנות קצב | C9: =AVERAGE('טבלת אב'!O2:O98) -> 1.9791667 | D9: =AVERAGE('טבלת אב'!S2:S98) -> 3.4948454 | E9: =AVERAGE('טבלת אב'!X2:X98) -> 4.2666667
B11: ② השפעת הכלב על החוויה (A מול B, מבחן t מזווג)
B12: היגד | C12: הפרש B−A | D12: t | E12: p-value
B13: הרגיש טבעי | C13: =AVERAGE('טבלת אב'!AH2:AH98) -> -0.984375 | D13: =AVERAGE('טבלת אב'!AH2:AH98)/(STDEV('טבלת אב'!AH2:AH98)/SQRT(COUNT('טבלת אב'!AH2:AH98))) -> -5.718656 | E13: =TDIST(MAX(ABS(D13),0.000000001),COUNT('טבלת אב'!AH2:AH98)-1,2) -> 1.2384775e-07
B14: הרגשתי בטוח | C14: =AVERAGE('טבלת אב'!AI2:AI98) -> -1.2083333 | D14: =AVERAGE('טבלת אב'!AI2:AI98)/(STDEV('טבלת אב'!AI2:AI98)/SQRT(COUNT('טבלת אב'!AI2:AI98))) -> -7.1042681 | E14: =TDIST(MAX(ABS(D14),0.000000001),COUNT('טבלת אב'!AI2:AI98)-1,2) -> 2.2069219e-10
B15: שמרתי על הקצב | C15: =AVERAGE('טבלת אב'!AJ2:AJ98) -> -1.0677083 | D15: =AVERAGE('טבלת אב'!AJ2:AJ98)/(STDEV('טבלת אב'!AJ2:AJ98)/SQRT(COUNT('טבלת אב'!AJ2:AJ98))) -> -5.6188529 | E15: =TDIST(MAX(ABS(D15),0.000000001),COUNT('טבלת אב'!AJ2:AJ98)-1,2) -> 1.9133393e-07
B16: צורך לשנות קצב | C16: =AVERAGE('טבלת אב'!AK2:AK98) -> 1.5416667 | D16: =AVERAGE('טבלת אב'!AK2:AK98)/(STDEV('טבלת אב'!AK2:AK98)/SQRT(COUNT('טבלת אב'!AK2:AK98))) -> 5.2519753 | E16: =TDIST(MAX(ABS(D16),0.000000001),COUNT('טבלת אב'!AK2:AK98)-1,2) -> 9.1823672e-07
B18: ③ פרדוקס הרצועה (מתוך שאלון סיכום)
B19: ביטחון — בלי רצועה | C19: =AVERAGE('טבלת אב'!AB2:AB98) -> 7.0131579
B20: ביטחון — עם רצועה | C20: =AVERAGE('טבלת אב'!AC2:AC98) -> 7.3684211
B21: t (ביטחון בלי מול עם) | C21: =AVERAGE('טבלת אב'!AL2:AL98)/(STDEV('טבלת אב'!AL2:AL98)/SQRT(COUNT('טבלת אב'!AL2:AL98))) -> 1.6983707
B22: p-value (ביטחון) | C22: =TDIST(MAX(ABS(C21),0.000000001),COUNT('טבלת אב'!AL2:AL98)-1,2) -> 0.093583157
B23: שליטה — בלי רצועה | C23: =AVERAGE('טבלת אב'!AD2:AD98) -> 6.0131579
B24: שליטה — עם רצועה | C24: =AVERAGE('טבלת אב'!AE2:AE98) -> 6.7894737
B25: t (שליטה בלי מול עם) | C25: =AVERAGE('טבלת אב'!AM2:AM98)/(STDEV('טבלת אב'!AM2:AM98)/SQRT(COUNT('טבלת אב'!AM2:AM98))) -> 3.0839232
B26: p-value (שליטה) | C26: =TDIST(MAX(ABS(C25),0.000000001),COUNT('טבלת אב'!AM2:AM98)-1,2) -> 0.002859137
B28: ④ 'שותף' מול 'מכשיר' — ספירת תשובות
B29: חשו שותף — עם רצועה | C29: =COUNTIF('טבלת אב'!AA2:AA98,"בהליכה עם רצועה") -> 42
B30: חשו שותף — בלי רצועה | C30: =COUNTIF('טבלת אב'!AA2:AA98,"בהליכה ללא רצועה") -> 17
B31: לא הרגישו הבדל | C31: =COUNTIF('טבלת אב'!AA2:AA98,"לא הרגשתי הבדל בין המצבים") -> 12
B32: אף פעם לא שותף | C32: =COUNTIF('טבלת אב'!AA2:AA98,"אף פעם לא הרגשתי שהוא שותף להליכה") -> 5
B34: ⑤ קישור: דירוג סובייקטיבי מול האטה בפועל (מתאם)
B35: מתאם פירסון בין ההאטה האובייקטיבית (B−A) לבין הדירוג בשאלון B. שלילי = דירוג גבוה קשור להאטה קטנה.
B36: 'שמרתי על הקצב' מול האטה | C36: =CORREL('טבלת אב'!I2:I98,'טבלת אב'!R2:R98) -> -0.42859686
B37: 'הרגיש טבעי' מול האטה | C37: =CORREL('טבלת אב'!I2:I98,'טבלת אב'!P2:P98) -> -0.30267737
B38: 'צורך לשנות' מול האטה | C38: =CORREL('טבלת אב'!I2:I98,'טבלת אב'!S2:S98) -> 0.29522382
B39: 'הרגשתי בטוח' מול האטה | C39: =CORREL('טבלת אב'!I2:I98,'טבלת אב'!Q2:Q98) -> -0.18583207
B41: ⑥ קבלה כללית
B42: הנאה מהחוויה (1–9) | C42: =AVERAGE('טבלת אב'!AF2:AF98) -> 7.4666667
B43: מוטיבציה להליכה ארוכה (1–9) | C43: =AVERAGE('טבלת אב'!AG2:AG98) -> 5.7333333
B44: חשו חשש כלשהו | C44: =COUNTIF('טבלת אב'!Z2:Z98,"כן") -> 30
B45: לא חשו חשש | C45: =COUNTIF('טבלת אב'!Z2:Z98,"לא") -> 46

Sheet מסקנות — אחוזים
B1: מסקנות — אחוזי האטה
B2: כל האחוזים = האטה יחסית למהירות ההליכה-לבד של כל נסיין. השניות בעמודת-צד לעיון. מדגם מלא — כל 97 הנסיינים, כולל כל הראשונים ו-139, עם ההשלמות שמולאו.
B4: ① הכלב מאט את ההליכה — והמס יורד עם ההיכרות
B5: שלב | C5: % האטה | D5: בשניות (לעיון)
B6: מפגש ראשון עם הכלב | C6: +14.3% | D6: +2.12 שנ'
B7: הליכה שנייה (אחרי היכרות) | C7: +8.2% | D7: +1.21 שנ'
B8: הרובוט מאט אנשים בכ-14% במפגש הראשון, ויורד לכ-8% כבר בהליכה השנייה. זהו הממצא המרכזי.
B10: ② התרגלות — האפקט הזמני האמיתי היחיד
B11: מדד | C11: % שיפור | D11: בשניות (לעיון)
B12: ההליכה השנייה מהירה מהראשונה | C12: 4.5% | D12: +0.90 שנ'
B13: עקבי בשני הניסויים ומובהק (p=0.0006, n=87). אנשים מסתגלים לרובוט אחרי מפגש אחד.
B15: ③ הרצועה — אפס השפעה על המהירות (בכל דרך שנבדקה)
B16: השוואה | C16: בלי רצועה | D16: עם רצועה | E16: p
B17: האטה כללית (כל B מול כל C) | C17: =AVERAGE('טבלת אב'!AO2:AO98) -> 0.11917994 | D17: =AVERAGE('טבלת אב'!AP2:AP98) -> 0.11906006 | E17: ≈
B18: מפגש ראשון | C18: +16.3% | D18: +12.2% | E18: 0.34
B19: הליכה שנייה — C→B מול B→B | C19: +6.2% (C→B) | D19: +6.6% (B→B) | E19: 0.77
B20: בלי הבדל מובהק באף השוואה: לא בהליכה עצמה, לא במפגש הראשון, ולא כהכנה להליכה הבאה. הרצועה אינה כלי מהירות. (השורה הראשונה חיה — מתעדכנת מטבלת האב.)
B22: ④ הרצועה — כן משפיעה, אבל על החוויה (סולם 1–9, לא אחוזים)
B23: מדד סובייקטיבי | C23: בלי רצועה | D23: עם רצועה
B24: תחושת ביטחון | C24: 7.01 | D24: 7.37
B25: תחושת שליטה | C25: 6.01 | D25: 6.79
B26: חשו שהכלב 'שותף' | C26: 17 נסיינים | D26: 42 נסיינים
B27: הרצועה כלי חברתי-פסיכולוגי: מעלה ביטחון, שליטה ותחושת שותפות — בלי לגעת במהירות.
B29: תמונה כוללת
B30: הכלב מאט אנשים בכ-14% בהתחלה, יורד לכ-8% אחרי היכרות (התרגלות של ~6 נקודות אחוז), ומתייצב שם. הרצועה לא משנה מהירות כלל — היא בונה אמון ותחושה. פער ה-8% הנותר הוא היעד שמודל החיזוי נועד לסגור.
B32: הערות: מדגם מלא (97 נסיינים) לאחר הוספת ההשלמות (106,123,126,136,155,168,179,181). אחוזי המפגש/הסדר מחושבים על תת-קבוצות לפי סדר ההליכות; השניות המקבילות חיות בגיליון הזמנים.

Sheet ניתוח משולב
B1: ניתוח משולב — השפעת הכלב הרובוטי על מהירות ההליכה
B2: איחוד שני הניסויים: ABC (מלא, 73 נסיינים בשלושת התנאים) + ABB (חוזר, 20 נסיינים). המדד: זמן השלמת מסלול קבוע. זמן נמוך = מהיר יותר.
B4: ① הכלב מאט את ההליכה — הממצא החזק והחוזר ביותר
B5: באיגום שני הניסויים (n=92): לבד 15.49 שנ' → מפגש ראשון עם הכלב 17.28 שנ'. 79% מהנסיינים הלכו לאט יותר עם הכלב (פער חציוני +1.50 שנ', Wilcoxon p<0.0001).
B6: האפקט חוזר בנפרד בכל ניסוי: ABC נתן +1.40 שנ' (p<1e-8), ABB נתן +2.03 שנ' (p<1e-4). עצם נוכחות הכלב — לא הרצועה — הוא שמאט.
B8: ② התרגלות אמיתית — התרומה הייחודית של ניסוי ABB
B9: בניסוי ABB כל נסיין ביצע שתי הליכות כלב זהות (בלי רצועה). זה מבודד 'התרגלות טהורה' בלי בלבול עם שינוי תנאי — מה שלא ניתן היה לבודד ב-ABC לבדו.
B10: הליכת כלב ראשונה (B1) 17.57 שנ' → הליכת כלב שנייה (B2) 16.28 שנ'. שיפור ממוצע 0.84 שנ', 68% הואצו, Wilcoxon p=0.014. אחרי מפגש אחד ההליכה השנייה מהירה יותר.
B12: ③ אבל ה'מס' של הכלב לא נעלם לגמרי
B13: גם בהליכת הכלב השנייה, אחרי ההתרגלות, הנסיינים עדיין איטיים מהליכה לבד: B2 16.28 מול A 15.29 — 79% עדיין איטיים יותר (p=0.006), פער שיורי ~1 שנ'.
B14: מסקנה: ההתרגלות מקטינה את ההאטה בערך בחצי, אך נותר מס קבוע של כשנייה על עצם ההליכה לצד הכלב.
B16: ④ הרצועה כמעט לא משנה
... B26: • ערכי p חושבו ב-Python (מבחני Wilcoxon לא-פרמטריים) בשל גודל מדגם והתפלגות — לא כנוסחת Excel. • B1/B2 בניסוי ABB מסודרים כרונולוגית (הליכת הכלב הראשונה/שנייה בזמן), ללא תלות במיקום הליכת ה-A. • נסיין 203 הוחרג כבר במקור; ערכים חסרים (תקלות/זמנים חריגים) לא נכללו בחישובים הרלוונטיים. • הזמן הוא מדד עקיף למהירות על מסלול קבוע; קבצי המהירות הגולמית של הבקר לא סופקו.

Sheet השערת הרצועה
B1: בדיקת ההשערה: האם הרצועה מגבירה הסתגלות?
B2: ההשערה שהנחתה את הצוות: הליכה עם רצועה תזרז את ההסתגלות יותר מהליכה בלי רצועה. בדיקה: מדידת השיפור מהליכת-הכלב הראשונה לשנייה (זמן ראשון פחות זמן שני; ערך חיובי = הואץ), מפוצל לפי סוג ההליכה השנייה.
B4: קבוצה | C4: N | D4: שיפור ממוצע (שנ') | E4: % שהואצו | F4: מקור
B5: הליכה שנייה = C (עם רצועה) | C5: 34 | D5: 0.71 | E5: 59% | F5: ABC
B6: הליכה שנייה = B (בלי רצועה) | C6: 27 | D6: 1.08 | E6: 81% | F6: ABC
B7: הליכה שנייה = B (בלי רצועה, אותו תנאי) | C7: 19 | D7: 0.84 | E7: 68% | F7: BB
B9: התוצאה
B10: הנתונים אינם תומכים בהשערה — ואם כבר, מצביעים לכיוון ההפוך. ההליכות שהסתיימו בלי רצועה השתפרו מעט יותר (‎+0.98 שנ' באיגום) מאלה שהסתיימו עם רצועה (‎+0.71 שנ'). ההפרש אינו מובהק (Mann-Whitney p=0.27); מבחן חד-צדדי ל'רצועה מזרזת יותר' נתן p=0.86.
B11: בדיקת הבלבול המתבקש: ההפרש ברמת הזמן בין B ל-C זעום (0.19 שנ'), כך שאינו מסביר את התוצאה.
B12: מסקנה: אין עדות שהרצועה מגבירה הסתגלות. הדבר עקבי עם הממצא שהרצועה כמעט אינה משפיעה על המהירות כלל — ההסתגלות נובעת מעצם המפגש עם הכלב, לא מהרצועה.
B14: מגבלות הבדיקה
B15: • תת-הקבוצות קטנות, וזו השוואה בין נסיינים שונים (מי שקיבל B→C אינו מי שקיבל C→B) — רעש גבוה. • זהו ניתוח quasi-experimental מבוסס-סדר, לא מבחן ישיר של השערת הרצועה. • הבדיקה הישירה תדרוש תכנון עם שתי הליכות רצועה (A,C,C) להשוואה מול BB — ניסוי המשך מוצע. • ערכי p חושבו ב-Python (Mann-Whitney).

Sheet השערת הרצועה — תחושתי
B1: בדיקת ההשערה התחושתית: האם עדיף להציג את הרצועה מוקדם?
B2: ניתוח השאלונים (לא הזמנים). ההשערה: רצועה-קודם (ואז בלי) תשפר את תחושת הביטחון יותר מבלי-קודם, או מהליכה בלי רצועה כלל. תשובה קצרה: ההשערה אינה נתמכת — אך התגלו שלושה ממצאים מעניינים יותר.
B4: ① ההשערה (תזמון הרצועה) — אינה נתמכת
B5: בדיקה | C5: תוצאה
B6: רצועה-קודם מול בלי-קודם (כל מדדי הביטחון) | C6: כל ההבדלים לא מובהקים (p>0.08)
B7: אינדקס ביטחון מורכב (ללא-רצועה) | C7: רצועה-קודם −0.11 מול בלי-קודם +0.11 · p=0.57 · Cohen d=−0.23
B8: חוצה-ניסויי: רצועה-אז-בלי מול בלי-בלי | C8: בטיחות ללא-רצועה: 7.40 מול 7.85 · p=0.49
B9: אין אפקט תזמון שניתן לזהות, והמגמה הזעירה אף הפוכה מההשערה. תזמון הרצועה אינו משנה את החוויה התחושתית — עקבי עם ממצא הזמנים, שם גם התזמון לא השפיע על ההסתגלות.
B11: ② הרצועה כן תורמת — אך כאפקט ישיר, לא תזמוני
B12: מדד (בתוך-נבדקי) | C12: ללא | D12: עם | E12: Δ · p
B13: שליטה | C13: 6.01 | D13: 6.79 | E13: +0.78 · p=0.002 ✔
B14: ביטחון | C14: 7.01 | D14: 7.37 | E14: +0.36 · p=0.076
B15: הרצועה משפרת מובהק את תחושת השליטה, ואת הביטחון במגמה — ברגע שמחזיקים בה, ללא תלות במתי הוצגה.
B17: ③ הממצא המעניין ביותר — הרצועה כ"מיישרת" (equalizer)
B18: הרצועה עוזרת הכי הרבה למי שהרגיש הכי פחות בטוח/בשליטה בלעדיה, וכמעט אינה עוזרת (ואף מפריעה מעט) למי שכבר הרגיש גבוה:
B19: רווח מהרצועה | C19: חשו נמוך (≤חציון) | D19: חשו גבוה (>חציון)
B20: רווח ביטחון | C20: +1.18 (n=40, p=0.0002) | D20: −0.56 (n=36)
B21: רווח שליטה | C21: +1.87 (n=39, p<0.0001) | D21: −0.38 (n=37)
B22: פיזור השליטה מצטמצם | C22: SD 2.40 (ללא) | D22: SD 1.81 (עם)
B23: הסתייגות סטטיסטית (חשוב מול מומחית): מתאם של "שינוי מול בסיס" מוטה שלילית מטבעו (רגרסיה-לממוצע), ולכן עוצמת האפקט כנראה מוגזמת. אך צמצום הפיזור בשליטה (2.40→1.81) והמובהקות החזקה בקבוצה הנמוכה מצביעים על אפקט-יישור אמיתי, לא ארטיפקט בלבד.
B25: ④ הרצועה אינה טובה לכולם — היא מקטבת
B26: כרבע מהנסיינים דיווחו על תחושה נמוכה יותר דווקא עם הרצועה (ביטחון: 28% ירדו, שליטה: 24% ירדו), בעוד כמחצית השתפרו (ביטחון 49%, שליטה 57%). הרצועה עוזרת לחוששים ומעט מכבידה על הבטוחים-בעצמם. (רווחי הביטחון והשליטה הולכים יחד: rho=0.69.)
B28: ⑤ רמז: הרצועה עובדת כניגוד, לא כפתיחה
B29: מי שחווה בלי-רצועה קודם ייחס לרצועה יותר שותפות: 64% מול 43% אצל רצועה-קודם (Fisher p=0.098). רמז — לא מובהק — שהרצועה בולטת יותר כתוספת שמשנה את החוויה מאשר כברירת-מחדל. אם יאושש בהמשך, זה בעצם ההפך מ"רצועה מוקדם עדיפה".
B31: תמונה כוללת: תזמון הרצועה אינו משנה את החוויה. התרומה שלה ישירה ומיידית (שליטה מובהק, ביטחון במגמה), מרוכזת במי שמרגיש פחות בשליטה — אך אינה אחידה: כרבע אף חשים פחות טוב איתה.
B33: הערות: השוואות התזמון הן בין-נסייני עם תת-קבוצות קטנות (~35 כל אחת) — רעש גבוה. ערכי p חושבו ב-Python (Wilcoxon / Mann-Whitney / Fisher / Spearman). "רווח" = דירוג עם-רצועה פחות ללא-רצועה.

Sheet ממצאים נוספים
B1: ממצאים נוספים
B2: שלושה ממצאים משלימים לניתוח המרכזי, מבוססים על אותם נתונים מאוחדים.
B4: ① הלם מפגש ראשון מול מס קבוע
B5: תכנון ABB (שתי הליכות כלב זהות) מאפשר לפצל את ההאטה לשני רכיבים:
B6: רכיב | C6: תוספת מעל לבד
B7: מפגש ראשון עם הכלב (B1−A) | C7: +1.83 שנ'
B8: מצב יציב, הליכה שנייה (B2−A) | C8: +0.99 שנ'
B9: כ-46% מ'הלם המפגש הראשון' מתאושש כבר בהליכה השנייה — אך נותר מס קבוע של כ-0.99 שנ' שאינו נעלם. ההאטה אינה רק רתיעה ראשונית; יש רכיב מתמשך.
B11: ② גודל האפקט — לא רק מובהק, אלא גדול
B12: מדד גודל אפקט (rank-biserial): 0.5 ומעלה נחשב אפקט גדול.
B13: השוואה | C13: גודל אפקט | D13: עוצמה
B14: כלב בלי רצועה מול לבד | C14: 0.58 | D14: גדול
B15: כלב עם רצועה מול לבד | C15: 0.80 | D15: גדול מאוד
B16: התרגלות (הליכה 1 מול 2) | C16: 0.37 | D16: בינוני
B17: השפעת הכלב על המהירות היא אפקט גדול — לא הבדל שולי שבמקרה יצא מובהק.
B19: ③ הכלב מגדיל את השונות בין אנשים
B20: מצב | C20: סטיית תקן (שנ')
B21: הליכה לבד | C21: 2.31
B22: הליכה עם הכלב | C22: 2.91
B23: סטיית התקן עולה בנוכחות הכלב — הרובוט אינו כופה קצב אחיד. התגובה הטרוגנית מאוד: חלק כמעט אינם מושפעים, וחלק מואטים משמעותית.
B25: הערה: ממצאים אלה חישוביים (Python) ומשלימים את הניתוח המרכזי; לא מבחני נוסחת Excel.

Sheet שאלונים — חוויה
B1: שאלונים — החוויה הסובייקטיבית
B2: דירוג עצמי בסולם 1–9 (שים לב: הסולם בפועל היה 1–9, לא 1–5 כפי שתוכנן במקור). עבור נסייני ABB מוצע ממוצע שתי הליכות ה-B.
B4: ① התחושה הסובייקטיבית משקפת בדיוק את ההאטה האובייקטיבית
B5: היגד | C5: לבד (A) | D5: כלב בלי רצועה (B) | E5: כלב עם רצועה (C)
B6: ההליכה הרגישה טבעית | C6: 8.49 | D6: 7.43 | E6: 7.34
B7: הרגשתי בטוח/ה | C7: 8.66 | D7: 7.39 | E7: 7.67
B8: שמרתי על הקצב הטבעי | C8: 8.46 | D8: 7.41 | E8: 7.40
B9: צורך לשנות קצב (גבוה=רע) | C9: 2.20 | D9: 3.53 | E9: 4.25
B10: עם הכלב, הנסיינים דירגו נמוך יותר טבעיות, ביטחון ושמירה על קצב — וגבוה יותר 'צורך לשנות קצב'. כל ההבדלים מול הליכה לבד מובהקים מאוד (Wilcoxon, p<0.001). האנשים לא רק הואטו — הם גם חשו זאת.
B12: ② הכתר: הדירוג הסובייקטיבי מנבא את הזמן האובייקטיבי (n=92)
B13: מתאם בין הדירוג בשאלון להאטה בפועל (B מדוד פחות A מדוד):
B14: דירוג סובייקטיבי | C14: מתאם עם ההאטה | D14: מובהקות
B15: 'שמרתי על הקצב' | C15: ‎−0.34 | D15: p=0.001 ✔
B16: 'הרגיש טבעי' | C16: ‎−0.26 | D16: p=0.013 ✔
B17: 'צורך לשנות קצב' | C17: ‎+0.24 | D17: p=0.024 ✔
B18: 'הרגשתי בטוח' | C18: ‎−0.16 | D18: p=0.13 (לא)
B19: מי שהרגיש ששמר על הקצב הטבעי — באמת הלך קרוב יותר למהירות ההליכה-לבד שלו. שני מקורות הנתונים (מדידה אובייקטיבית ודיווח עצמי) מאמתים זה את זה. זהו חיזוק מתודולוגי חזק לממצא ההאטה.
B21: הערה: החשש הסובייקטיבי (כן/לא) לא ניבא הבדל מובהק בזמן (מואטים +2.03 מול +1.42, p=0.38).

Sheet שאלונים — פרדוקס הרצועה
B1: שאלונים — פרדוקס הרצועה
B2: מתוך שאלון הסיכום (N≈76). הממצא המרכזי: הרצועה כמעט אינה משנה מהירות אובייקטיבית — אך משנה מהותית את החוויה.
B4: ① הרצועה משפרת תחושת ביטחון ושליטה
B5: מדד סובייקטיבי (1–9) | C5: בלי רצועה | D5: עם רצועה | E5: מובהקות
B6: רמת ביטחון אישי | C6: 7.01 | D6: 7.37 | E6: p=0.08 (מגמה, לא מובהק)
B7: מידת שליטה כללית | C7: 6.01 | D7: 6.79 | E7: p=0.002 ✔
B9: ② הרצועה הופכת את הכלב מ'מכשיר' ל'שותף'
B10: לשאלה 'באיזה מצב הרגשת שהכלב הוא שותף ופחות מכשיר טכנולוגי?':
B11: תשובה | C11: מספר נסיינים
B12: בהליכה עם רצועה | C12: 42
B13: בהליכה ללא רצועה | C13: 17
B14: לא הרגשתי הבדל | C14: 12
B15: אף פעם לא הרגשתי שותף | C15: 5
B16: פי כ-2.5 יותר נסיינים חשו שותפות עם הרצועה. זהו אפקט פסיכולוגי-חברתי חזק — ללא כל השפעה על המהירות.
B18: ③ המשמעות
B19: הרצועה אינה כלי מכני (לא מאיצה, לא מאטה) אלא כלי חברתי: היא נותנת לאדם תחושת שליטה, ביטחון וקשר. לתכנון אינטראקציית אדם-רובוט זו תובנה מרכזית — האמון נבנה מ'ידית' סמלית, לא מביצועים.
B21: רקע נוסף מהסיכום
B22: מדד כללי | C22: ערך
B23: חווית ההליכה הייתה מהנה (1–9) | C23: 7.47
B24: מוטיבציה להליכה ארוכה יותר (1–9) | C24: 5.73
B25: חשו חשש כלשהו במהלך הניסוי | C25: 30 מתוך 76 (39%)
B26: הקבלה: השערת הצוות המקורית הייתה שהרצועה מגבירה הסתגלות (מהירות). הנתונים האובייקטיביים דחו זאת (גיליון 'השערת הרצועה'). אך השאלונים מגלים שהרצועה כן חשובה — בממד הסובייקטיבי, לא במהירות.

Sheet מסקנות — קוד הרובוט
B1: מסקנות — התנהגות הרובוט בניסוי (מתוך קוד הבקר)
B2: ניתוח קוד הבקר ששלט ברובוט (Unitree Go2) בזמן הניסויים. המסקנה המרכזית: אופן פעולת הרובוט תומך בפרשנות הסיבתית של ההאטה, ומנקה את השוואת הרצועה.
B4: ① מנגנון הבקרה — רובוט מלווה שמתאים את עצמו לאדם
B5: שיטת מעקב | C5: UWB — מרחק וזווית אל האדם, בתדר 10Hz
B6: מיקום הרובוט | C6: לצד האדם (מרווח צידי יעד ≈1.17 מ׳), מעט לפנים (~0.6 מ׳)
B7: בקרת מהירות | C7: Feed-forward שמשערך את מהירות האדם ומתאים אליה (FF_GAIN=1.0)
B8: תקרת מהירות | C8: עד 2.0 מ׳/ש׳ (הוגדל מ-0.9) — הרבה מעל מהירות הליכה רגילה
B9: מי מכתיב את הקצב | C9: האדם. הרובוט מוגבל ל: מהירות האדם + 0.8 מ׳/ש׳ בלבד
B10: סוג הליכה (gait) | C10: Trot — הליכה קלאסית (SwitchGait 2)
B11: בטיחות | C11: ריחוק חירום מתחת 0.65 מ׳, התחמקות צידית, כפתור עצירה ב-UWB
B12: תיעוד גולמי | C12: קובץ CSV לכל נסיין: speed_mps + מרחק מצטבר, ב-10Hz
B14: ② המשמעות להאטה — תגובה אנושית, לא ארטיפקט של הרובוט
B15: מכיוון שהרובוט מתאים את מהירותו לאדם (feed-forward על מהירות האדם, עם תקרה של 2.0 מ׳/ש׳ — הרבה מעל קצב הליכה), הוא אינו "צוואר בקבוק" שכופה קצב איטי. האדם מוביל את הקצב והרובוט עוקב. לכן ההאטה שנמדדה (A לבד מול B/C) היא ככל הנראה תגובה התנהגותית-פסיכולוגית אמיתית של האדם להליכה לצד הרובוט — ולא תוצר-לוואי של לולאת הבקרה. זו התשובה לשאלה הראשונה שכל שופט ישאל.
B17: ③ המשמעות לרצועה — מניפולציה מכנית נקייה
B18: הבקר כולו מבוסס-UWB ואינו מכיל שום התייחסות לרצועה — הקוד זהה לחלוטין בתנאי B (בלי רצועה) ובתנאי C (עם רצועה). כלומר הרובוט התנהג מכנית בדיוק אותו דבר בשני התנאים, וההבדל היחיד היה תפיסתי-חברתי אצל האדם. זה הופך את השוואת B מול C למניפולציה נקייה של האות החברתי תוך החזקת המכניקה קבועה — חיזוק מתודולוגי ישיר לממצא "פרדוקס הרצועה".
B20: ④ ניואנס שכדאי להכיר (מגבלה הוגנת)
B21: רכיב ה-feed-forward משתמש במסנן EMA (a=0.2) על מהירות האדם — כלומר הערכת המהירות של הרובוט מפגרת מעט אחרי המציאות ברגעי האצה/האטה. פיגור זה עשוי לתרום מעט לתחושת "צורך להתאים קצב" שדיווחו הנסיינים, והוא בדיוק מה שמודל החיזוי (הגיליון הבא) נועד לתקן.
B23: ⑤ נכס שלא נוצל: קבצי מהירות גולמיים
B24: הבקר תיעד לכל נסיין קובץ CSV של מהירות ההליכה ב-10Hz (speed_mps). קיימים אם כן נתוני מהירות רציפים — עשירים בהרבה מזמן-השלמת-המסלול. מומלץ למשוך אותם לניתוח (פרופיל האצה/האטה, שונות תוך-אישית); הם גם הבסיס לאימון מודל החיזוי.
B26: תמונה כוללת: הרובוט הוא מלווה שמתאים עצמו לאדם — לא רובוט שכופה קצב. לכן ההאטה היא ממצא התנהגותי אמיתי, והרצועה נבדקה בתנאי מכני זהה לחלוטין. שני אלה מחזקים משמעותית את תוקף המסקנות מול ביקורת.
B28: הערות: הקובץ המרכזי הוא follow_controller.py; קובץ הכניסה yolo_follow.py (למרות שמו — מבוסס UWB, לא YOLO). ערכי התצורה מ-AppConfig.py.

Sheet מסקנות — מודל החיזוי
B1: מסקנות — מודל חיזוי מהירות ההליכה (XGBoost)
B2: מודל שמנבא את מהירות ההליכה של האדם ~0.36 שנ׳ קדימה (3 צעדים ב-8.3Hz), כדי שהרובוט המלווה יקדים במקום להגיב באיחור. אומן ונבדק על נתוני מהירות אמיתיים מהרובוט.
B4: ① מה המודל עושה ואיך אומן
B5: מטרה | C5: חיזוי מהירות ההליכה 3 צעדים קדימה (~0.36 שנ׳)
B6: מקור נתונים | C6: קבצי מהירות אמיתיים מהרובוט (speed_mps) — 297 קבצים
B7: שיפור מתודולוגי | C7: בעבר: HuGaDB עם מהירות מפוברקת מהאצה. כעת: מהירות נמדדת אמיתית
B8: חלוקת אימון/בדיקה | C8: לפי אדם: train/val/test נפרדים, ואימות-צולב GroupKFold (5 קפלים) — כל נסיין נבדק על מודל שלא ראה אותו
B9: מאפיינים | C9: 55: 50 לגים + ממוצעים נעים + מגמות
B10: אלגוריתם | C10: XGBoost (1000 עצים, עומק 3, lr 0.01, early stopping על val)
B12: ② ביצועים — אימות צולב (5-fold GroupKFold)
B13: מדד | C13: ערך
B14: RMSE (מודל, ממוצע CV) | C14: 0.184 ± 0.021 מ׳/ש׳
B15: MAE (מודל, ממוצע CV) | C15: 0.135 ± 0.013 מ׳/ש׳
B16: R² (ממוצע CV) | C16: 89.5% ± 1.7%
B17: שיפור מול ניחוש נאיבי (CV) | C17: 10.4% ± 1.8%
B18: שיפור מול קוד הרובוט (EMA, חלוקה בודדת) | C18: 34.6%
B19: היכן היתרון מתרכז | C19: ברגעי מעבר — האצה/האטה (שם הרובוט הנוכחי מפגר)
B21: ③ הממצא החשוב ביותר — והכי הוגן
B22: קוד הרובוט הנוכחי (מסנן EMA) דווקא גרוע יותר מניחוש נאיבי (RMSE 0.256 מול 0.191) — ההחלקה מוסיפה פיגור. לכן היתרון הגדול של המודל (34.6%, חלוקה בודדת) הוא בעיקר מול הפיגור של הרובוט, ואילו מול ניחוש נאיבי טהור השיפור צנוע יותר — ‎~10% באימות-צולב. חשוב: המספרים בטבלה עברו מ"חלוקה בודדת" (שיצאה קצת קלה: RMSE 0.168) לאימות-צולב אמין (RMSE 0.184 ± 0.021). זו האמת המדויקת — ולהציג אותה כך חזק ואמין יותר.
B24: ④ למה זה חשוב לרובוט
B25: היתרון הגדול ביותר של המודל הוא ברגעי מעבר — בדיוק כשהאדם מאיץ או מאט, שם הרובוט הנוכחי מגיב באיחור. חיזוי שמקדים ב-0.36 שנ׳ מאפשר לרובוט להתחיל לזוז בזמן במקום באיחור, ולהרגיש מסונכרן יותר עם האדם.
B27: ⑤ החיבור לניסוי — סגירת המעגל
B28: הניסוי חשף "מס האטה" שיורי של ~8% שנשאר גם אחרי התרגלות. השערת העבודה: חלק מהחיכוך נובע מכך שהרובוט מגיב באיחור לשינויי הקצב של האדם. מודל שמקדים את הקצב נועד לצמצם בדיוק את הפער הזה — כאן נסגר המעגל בין המחקר ההתנהגותי לחלק ההנדסי.
B30: תמונה כוללת: המודל מנבא מהירות הליכה ~0.36 שנ׳ קדימה. באימות-צולב (5 קפלים): RMSE 0.184 ± 0.021 ושיפור ‎~10% מול ניחוש נאיבי; מול קוד הרובוט הנוכחי — 34.6% (חלוקה בודדת), בעיקר ברגעי מעבר. הוא הצעד ההנדסי לצמצום מס-ההאטה שהניסוי חשף.
B32: הערות: שתי חולשות מתודולוגיות תוקנו — ה-early stopping רץ כעת על val (לא על הבדיקה), והתוצאה אומתה ב-GroupKFold (5 קפלים, כל אדם נבדק פעם אחת על מודל שאומן בלעדיו; טווח הקפלים RMSE 0.166–0.224). מספר ה-34.6% מול הרובוט הוא מחלוקה בודדת ולא הורץ תחת CV. מספרי המעבר/יציב מריצת-עזר קצרה, כמגמה.
